date,year,month,manufacturing,retail_trade,transportation_warehousing,total_nonfarm,construction,wholesale_trade,agriculture,manufacturing_yoy_pct,retail_trade_yoy_pct,transportation_warehousing_yoy_pct,total_nonfarm_yoy_pct,construction_yoy_pct,wholesale_trade_yoy_pct,agriculture_yoy_pct
2000-01-01,2000,1,12405.408199687516,15283.427554244816,4800.215053819596,143383.47784068773,5922.395895820291,2891.4341691679765,2033.5892467787637,,,,,,,
2000-02-01,2000,2,12288.793589982512,15324.55608391855,4247.780920767569,137961.13497325018,5560.754045365451,3131.9691547761217,2141.976616044873,,,,,,,
2000-03-01,2000,3,12835.35582661653,15379.609552491202,4364.705136924735,128189.44152629786,6020.926704722895,3003.7810520692838,1977.223802991907,,,,,,,
2000-04-01,2000,4,13147.385330874573,14033.332081636036,4329.755609179466,137750.97891362882,5665.234971072913,2873.574214426603,2015.491767101587,,,,,,,
2000-05-01,2000,5,12731.116615832776,14554.547798987496,4746.558488958509,136992.84319752335,5622.748601880639,3010.9172935345896,1980.8146339582784,,,,,,,
2000-06-01,2000,6,11947.00687042447,14574.987648514989,4934.764032980339,135201.22853110978,6610.494521301347,3040.3481716917936,1960.0754774970617,,,,,,,
2000-07-01,2000,7,12691.349681840704,14992.19847175149,4617.973272345843,129740.2911515474,6017.616134954949,2938.822692544106,2130.066512125348,,,,,,,
2000-08-01,2000,8,11772.846202463625,15135.65510273292,4517.075294679516,129332.19798111448,6532.43138988427,3160.8759810523507,2074.285918200184,,,,,,,
2000-09-01,2000,9,12360.839272088437,15416.43238157888,4501.669013113703,130060.037316225,5613.3615947932985,2783.7970020216576,2150.220955280924,,,,,,,
2000-10-01,2000,10,12423.590587696372,15162.826068631148,4239.829775961034,136725.46787150684,6501.342880461485,2986.421056915318,2116.108674354347,,,,,,,
2000-11-01,2000,11,12321.429272068235,15765.200278389504,4940.358255235633,124538.85271095535,6562.360158502033,3048.177723318276,2160.53937738304,,,,,,,
2000-12-01,2000,12,13515.18938677995,15274.572077932247,4460.263756876087,123005.67928311092,6253.161355271912,3073.451604613029,2021.2734236425651,,,,,,,
2001-01-01,2001,1,12615.204885029249,14901.369082055626,4197.593097670708,131015.27996773004,6081.187739761354,3043.1387883852058,1861.1728231585628,1.6911711566816257,-2.499821920398193,-12.554061628330038,-8.625957508646776,2.681209543136598,5.246691100039214,-8.47842915639484
2001-02-01,2001,2,12398.193006370471,14829.644967286908,4233.233943143041,124756.2930521695,6094.168404125241,2769.0934890474296,2072.601406668924,0.8902372359573141,-3.229529872979464,-0.34246063758626155,-9.571421635260558,9.592482501619681,-11.586182615346708,-3.2388406510267753
2001-03-01,2001,3,11933.378098559451,15105.150506066657,4539.451723418497,130815.4640276922,6207.370109730473,3021.736897001079,2151.229414819996,-7.0272904019275995,-1.7845644617166978,4.003628676206161,2.0485482034459324,3.0965898465651343,0.5977747585638848,8.80050157017056
2001-04-01,2001,4,12093.57411602808,15105.642673681928,4483.243337711447,124948.58592705092,6359.945250622958,3092.1404408345848,2026.684012103713,-8.015367225693026,7.641168795892139,3.544951317958289,-9.293867156185598,12.262691364034929,7.60607557343338,0.5553108767207382
2001-05-01,2001,5,12438.746715576195,15563.411157629846,4405.886178516878,130571.96816943651,5969.627586573351,3036.3693730947825,1952.0891702395447,-2.296498485395859,6.931602222039035,-7.177248763164002,-4.687014940502321,6.169206721721321,0.8453264264298044,-1.4501843446769858
2001-06-01,2001,6,12446.183580866766,14359.673099840047,4117.901664597003,125432.42580069666,6055.859149465695,3061.971913546774,1985.5530019608395,4.178257498771831,-1.4772880352792561,-16.553220436155158,-7.225380151161365,-8.390225119292083,0.7112258410505667,1.2998236423176657
2001-07-01,2001,7,12631.425053924637,15037.082511350149,4159.034008997084,122739.10136035222,5828.905312983082,3263.9627596172413,2084.53546488693,-0.4721690712045312,0.2993826401326727,-9.938109995072065,-5.396311145176336,-3.1359730787028695,11.063616321529945,-2.1375411039624037
2001-08-01,2001,8,11976.27771537891,14963.984001406368,4775.463898372657,135272.8538303298,5977.594029988461,2954.3587453847417,1929.1824719414103,1.727972228777741,-1.134216524896603,5.720263374787815,4.593330927603034,-8.493581130526628,-6.533544400525737,-6.99534451762932
2001-09-01,2001,9,13121.437680770332,15568.880205903572,4475.973522390573,117186.8679075332,6616.254798320872,2913.4740387317343,2143.68081073184,6.153290985664506,0.9888657800416478,-0.5707992002139006,-9.897866919253817,17.866178520511,4.658279199808835,-0.3041615110773277
2001-10-01,2001,10,12441.65087865045,15121.990511758931,4342.608434579598,137755.6477476138,5958.161211713781,3152.8836170316126,2115.699839508824,0.14537094430626674,-0.2693136272050034,2.4241222890904135,0.7534659724661719,-8.354914957341053,5.573981596829292,-0.019320125212740624
2001-11-01,2001,11,12481.1056724832,14894.516512465349,4688.780730873166,125816.07924124644,6049.598274426327,2924.044076237842,2215.1340299408967,1.295924335474119,-5.522820836711251,-5.092293136754867,1.0255647153386116,-7.813680927149114,-4.0723887629918405,2.526899214583378
2001-12-01,2001,12,11722.703181646995,15870.496908391877,4542.741940668254,135728.30577975372,6070.500039396276,2995.326244891301,1832.875396379729,-13.262753142669958,3.901417515457495,1.8491772748868263,10.343121204477313,-2.921103510652856,-2.5419420824608796,-9.320759134274937
2002-01-01,2002,1,12325.798063603688,14240.79202486731,4317.018462971807,127799.81372319516,6346.331297993734,2912.1968708780664,1986.1704808257405,-2.294111146534017,-4.432995743886304,2.845091520837739,-2.4542681169149705,4.360062040162971,-4.302857234343282,6.716069357548782
2002-02-01,2002,2,12930.786510177082,15094.39279598856,4642.359806520157,129790.04779494494,5601.644144824091,3007.467007598876,2033.457271267317,4.295734898891745,1.7852607347355054,9.664617379339857,4.034870401824531,-8.081894470913408,8.608359359995731,-1.8886475361665989
2002-03-01,2002,3,12681.50779415752,14944.766421054488,4566.047875481005,136884.77286126604,5808.838389847632,3049.9838433166947,1915.2371015437927,6.269219741628573,-1.0617840911135157,0.5858890827123764,4.639595844944622,-6.4202989806925626,0.9347917200749567,-10.970113724293306
2002-04-01,2002,4,13030.846997203287,14970.732242047708,4482.093814178361,135810.61799650706,6489.253277148166,3097.1604427156994,1981.088164046998,7.750172713069192,-0.8931128224638152,-0.025640444796215522,8.693201278642526,2.03316257341275,0.16234715004599387,-2.249775879436988
2002-05-01,2002,5,12263.532464486656,15409.101095020773,4595.543126269869,133834.64287102374,6057.967078446606,2792.105769550304,1884.1464693666735,-1.408616600176693,-0.991492552925477,4.304626585175053,2.4987558565046752,1.4798157940697054,-8.044594498577617,-3.480512156344473
2002-06-01,2002,6,12479.220091512592,15360.382669986986,4200.941259903165,131285.45281134843,5995.857514613203,3044.569985997664,2068.4723867497232,0.2654348654844929,6.968888241321358,2.016551196938021,4.66627905287571,-0.9908030119522349,-0.5683242054612125,4.1761355504988495
2002-07-01,2002,7,13051.297481668897,14909.5631010802,4390.237363353547,128766.40221554133,6212.835008916614,2960.579494543668,2070.869141668247,3.324030550407331,-0.8480329224348826,5.559063807997466,4.910660733528949,6.5866517865435625,-9.294936474984494,-0.6556052151132197
2002-08-01,2002,8,13188.86303405476,15918.769158657951,4426.494907543165,120999.03116899608,6496.15835234247,3036.7339735176083,2010.6917048210669,10.124893121998602,6.380554517846648,-7.307541178322197,-10.551875159843316,8.675134506499926,2.7882608454897984,4.225066009314848
2002-09-01,2002,9,12474.601708246442,14508.152167666272,4783.316900962325,130631.64285666127,5986.162663991441,2947.349530013908,1936.214711158961,-4.929612046032405,-6.813129937470275,6.866514670703494,11.472936506620112,-9.523395841546812,1.1627181444499923,-9.678031287785394
2002-10-01,2002,10,12078.958600526928,15274.47798403614,4546.9744177799685,144210.993153623,6612.379340719871,3005.092687155848,2075.049076533332,-2.9151459212369613,1.00838227717861,4.7060651744014415,4.686084027448545,10.980201873690376,-4.6874844690558914,-1.9213861161387347
2002-11-01,2002,11,12668.562225856367,15202.034352548792,4684.321406176066,119237.5013033449,5837.077025911812,3048.310606453884,1985.170417054031,1.5019226524653817,2.064637947972847,-0.0951062750223608,-5.228725912915644,-3.512981174517227,4.249817272793188,-10.381476234781218
2002-12-01,2002,12,12652.500584254609,14364.514316796389,4586.46558556224,123171.26439667252,5761.394194034097,2969.0409467324484,2156.3047421637334,7.931595539016123,-9.489196212874507,0.9624945784957983,-9.25160106504056,-5.091933833393403,-0.8775437468183545,17.64600836602628
2003-01-01,2003,1,12271.157413999366,15159.211411709784,4364.0768464914445,133597.2714507676,5889.702743229649,3039.3441375834946,2096.211487111533,-0.4433031380391306,6.44921564221097,1.090066765367581,4.536358511546279,-7.195157852985689,4.366025799179285,5.540360575696579
2003-02-01,2003,2,12411.4327971146,14944.14787668067,4771.01770767866,122364.6545274438,5964.262619804304,2901.391533595632,2015.714610217592,-4.016412401934943,-0.9953690839940132,2.7713901231396276,-5.7210806172384725,6.473429329052838,-3.5270702466635995,-0.8725367038898812
2003-03-01,2003,3,11563.401657431988,14995.550584432664,4819.800998500504,128263.66053073014,6193.983685597669,2934.103682040672,1978.045220382518,-8.816823321597866,0.33981235937303733,5.557390766358705,-6.298079874284834,6.630332433127628,-3.7993696763327423,3.279391297719658
2003-04-01,2003,4,12736.061027448985,14821.072630383733,4698.980380581912,134220.17178768275,6082.049158661693,3111.332741397301,2129.877727816266,-2.2622164915110266,-0.9996813064602983,4.838956420712703,-1.1710764830370035,-6.275053555398092,0.4575900714131276,7.510496830454971
2003-05-01,2003,5,12944.541090569212,15015.021793455222,4622.223430339575,128783.71387600202,6404.778336501659,2976.263665708126,1826.8051628625333,5.553119609334867,-2.557445104263034,0.5805691152628079,-3.7740071529083097,5.724878553549084,6.595663322148515,-3.043357161262239
2003-06-01,2003,6,12827.903534397365,15418.710269891484,4576.550893931844,135918.31111501486,6411.208352390676,2902.1626990252444,2044.2130325467003,2.794112455167941,0.3797275182373383,8.941082742902662,3.5288436033531045,6.9272966671601655,-4.677418736549576,-1.172814989381732
2003-07-01,2003,7,13411.09466899122,14813.62192827084,4453.526674583564,128049.83449970372,6232.697044425832,2993.708056701921,1960.1771290947263,2.7567924785077746,-0.6434874862457196,1.441592014097215,-0.556486555117186,0.3196935936768286,1.1189891107233896,-5.345195905732092
2003-08-01,2003,8,12156.774387492387,14551.283885143035,4679.530470637098,133813.58377939102,5610.92852464844,2936.92418286894,2025.8404086868125,-7.8254557947674,-8.590395776743609,5.716386630485815,10.590624145161298,-13.626974277417702,-3.2867479179631065,0.7534075875194279
2003-09-01,2003,9,12644.605578400113,15400.377191614263,4354.748175383068,142137.96603007743,6488.771702007472,2834.842032369111,2109.445742632002,1.3627999845581273,6.149818485750758,-8.95965570445555,8.808220521303367,8.39618076266746,-3.817243136556858,8.946891606321383
2003-10-01,2003,10,12506.23449406781,15099.983920254655,4744.417405658951,131085.8556820727,6363.844348352281,2991.4817983891417,2069.2217021102283,3.5373570493257844,-1.1423897036864639,4.342293792261587,-9.10134323641233,-3.75863179592677,-0.45292741967264405,-0.2808306795730964
2003-11-01,2003,11,12580.415651712345,15118.31454844364,4916.866361152538,137269.28821967976,5798.285321820553,2900.623510756671,2158.9389708771428,-0.695789881855069,-0.5507144778364115,4.964325348595255,15.122580328533775,-0.6645741339210698,-4.844883437551594,8.7533318213044
2003-12-01,2003,12,12181.860430489847,14428.480593659862,4533.453675319896,129703.773656849,6166.573840602759,3034.296792643684,2003.6859985218923,-3.7197402255049083,0.44530762024217463,-1.1558335989529822,5.3035984425219285,7.032666624134554,2.197876253038955,-7.0777910309976155
2004-01-01,2004,1,12434.809804241197,15238.351726751238,4494.49836894151,127076.07384129844,5543.98644982632,3098.823354958922,2060.8452870876813,1.3336345115671833,0.5220608967846596,2.988524882528587,-4.881235626037716,-5.869842816782878,1.9569754092643832,-1.6871484695747285
2004-02-01,2004,2,12550.421457999511,15599.908580889223,4873.385250740175,132163.72735365384,5705.387226598226,2917.231891566887,2115.165579553508,1.1198438017343548,4.388076922283557,2.1456123060864085,8.008090950816449,-4.340442561105274,0.5459572687049441,4.933782234439454
2004-03-01,2004,3,12114.149883585302,14917.24348974706,4445.073052805403,122215.01576115418,5652.541660033791,2980.9988311866778,1845.3192975245413,4.762856488681577,-0.5222021975431645,-7.774759700902245,-4.7157899162926125,-8.741418335066752,1.598278528228092,-6.709953922707079
2004-04-01,2004,4,12250.103215075404,15102.699203595135,4650.041054010543,126085.07835564532,5701.686427325046,3080.5979334187778,2148.673988513582,-3.8156052434597854,1.9001767296791927,-1.0414882082420696,-6.0610065712819905,-6.253858221368647,-0.9878341705336302,0.8825042138258077
2004-05-01,2004,5,12912.1922906703,15443.850224924545,4386.992745467159,141678.12839373277,5917.445532294156,3117.8142980011407,1934.334623232291,-0.24990302609089188,2.8559960642630555,-5.089124063722183,10.0124574215541,-7.608894150639545,4.755984287411441,5.886203003787394
2004-06-01,2004,6,12366.105616938525,14888.835416516324,4826.168578737514,131138.1894783817,5602.167943876054,3075.443303122943,2125.9323837430843,-3.599948473423986,-3.4365705308689876,5.454275295761346,-3.516907764243904,-12.619156390588039,5.97074051554376,3.9975946682316854
2004-07-01,2004,7,11364.184249213537,14816.296258500604,4506.796645410425,119692.28754951648,6156.0257159173325,3042.986402596292,2097.446376634732,-15.26281388879086,0.018053182690325187,1.1961300497171035,-6.526792465480757,-1.2301468844385766,1.6460638432679753,7.002900171751381
2004-08-01,2004,8,11837.60893074587,15194.285800528312,4279.417790389617,126541.08053159202,5501.166056514698,2921.2568703400443,2019.57906376615,-2.625412355064305,4.418867231652235,-8.55027406612885,-5.434801940428313,-1.9562264543481978,-0.5334598904623844,-0.3090739474745252
2004-09-01,2004,9,11741.401950767748,14746.857381323009,4329.359558191727,137183.79028308787,5741.5192544397205,2787.8186360266263,2133.9929661989363,-7.1429956595502215,-4.243531195113237,-0.5830099966482538,-3.4854697062016604,-11.516084736600762,-1.6587660196073384,1.1636812016935894
2004-10-01,2004,10,12232.733846332072,14429.556978478357,4391.734409992943,130574.01893256468,6116.109633278353,3058.6907536871686,1999.9774500302667,-2.186914437478926,-4.439918249694353,-7.4336418048998265,-0.390459174138047,-3.892846862888333,2.246677727881141,-3.346391158054507
2004-11-01,2004,11,12279.30273086008,15214.917926593183,4464.516951294236,124092.1789624005,6343.671168029176,3120.5778096044323,2108.577552761419,-2.3935053434524622,0.6389824595856686,-9.199953316450715,-9.599459156655044,9.405984975526916,7.583000621489933,-2.3326929938766394
2004-12-01,2004,12,12691.347837056805,15351.46788998222,4192.31685154316,130412.82230727022,6127.910291425157,3008.6591966262245,2054.387878253636,4.182344802537452,6.396981929808576,-7.524877239484851,0.5466677109157381,-0.6269859110909937,-0.8449271040201212,2.530430405220474
2005-01-01,2005,1,13368.484408213186,15035.71043799861,4278.180011824198,132048.91491947795,6553.367443015584,2976.862673054269,1925.6439852332664,7.508555568365316,-1.329811073968623,-4.812958852363691,3.9132788162702825,18.206772370825085,-3.935709394647624,-6.560478008782356
2005-02-01,2005,2,12292.1153221047,15228.98038527497,4467.936509343069,128972.10830184285,6229.705022266607,3113.6520478801094,1954.065055676829,-2.0581471049338274,-2.3777587778216924,-8.319652983222014,-2.4148978813760436,9.189872218033468,6.733100542367998,-7.6164497679981125
2005-03-01,2005,3,12538.00699433974,14785.136512767936,4504.822318503894,136720.1805979232,5968.84691615287,3010.054122485119,1965.5233096563657,3.498859720472547,-0.8855991193676194,1.344168363234921,11.868561932779675,5.595805836434797,0.9746830825450248,6.513995290304275
2005-04-01,2005,4,13171.33687450983,14881.308616547254,4629.859559621205,124347.4268142884,6137.46092696427,2946.513951256065,1973.4929393524092,7.520211407694299,-1.4659007907353416,-0.4340068002610775,-1.378157958117432,7.642905396389321,-4.3525310689898955,-8.152984124053198
2005-05-01,2005,5,12283.444953101549,14741.42574518934,4741.857776954616,125849.05791634336,5978.729253506179,2935.227627733451,1999.4700206888804,-4.869408102162886,-4.5482471631431265,8.089027087043178,-11.17255758305854,1.0356448720578948,-5.856239429806576,3.3673283140508214
2005-06-01,2005,6,11834.127121087056,14849.10041993241,4519.464204907519,122643.3607043921,6214.471759337427,2823.779208841671,2070.4401680182727,-4.301908073005523,-0.2668778012001827,-6.355028193197221,-6.477768838946796,10.929765433589079,-8.183018494462925,-2.610253089381309
2005-07-01,2005,7,12337.157515283763,15436.831307473369,4574.911615111088,136145.6440864898,6397.632181630746,2926.3937339035715,2135.363095372212,8.561751945702234,4.188192771973909,1.5113832520051496,13.746379882802895,3.92471501684446,-3.8315211856761233,1.807756286876594
2005-08-01,2005,8,12926.758324970357,14441.022577902497,4412.441170790076,123553.79174587326,5935.073967805215,2937.682331598376,2045.7115280732403,9.200754988582482,-4.9575428059910776,3.1084457493071316,-2.3607264717270704,7.887562506437451,0.5622737741792561,1.2939559919163512
2005-09-01,2005,9,12203.696360997366,14904.134455422718,4310.63065877858,129485.2090730049,5746.806899819249,3115.338468078883,1885.7642060370424,3.9373016286133655,1.0665124781019664,-0.4326020780073381,-5.611873818471147,0.0920948819502776,11.748247458416404,-11.632126445291824
2005-10-01,2005,10,12898.433099431952,14991.01351205311,4656.563549016606,130745.53523408384,6360.743915893519,3157.3858377711595,1932.9390009557887,5.44194994726781,3.8910171283301764,6.030172007238677,0.13135561187540556,3.999834817938641,3.226710119845122,-3.3519602470249543
2005-11-01,2005,11,12974.953217677989,14465.8220999083,4785.964274424076,129416.5620616954,5472.004916825906,2951.180665782749,2004.694026311492,5.6652279210416046,-4.92342995406887,7.200047096621631,4.290667747004551,-13.740722495142766,-5.428390322469035,-4.926711199874056
2005-12-01,2005,12,12178.117866579216,15035.82960836237,4187.965727715568,132224.86018834574,6430.712347508386,3045.69253481354,2016.170475918346,-4.04393589291624,-2.05607883156127,-0.10378804803339303,1.3894629753553822,4.9413591531674905,1.2308917616472792,-1.8602817286761386
2006-01-01,2006,1,12394.870806398503,14926.389118921845,4380.354554566536,122422.03424396718,5693.449601866944,2946.7388229629864,1899.6338376955105,-7.282901876420067,-0.7270778426304747,2.3882712382355065,-7.290389838781442,-13.121770580178882,-1.0119328097985658,-1.3507246270449746
2006-02-01,2006,2,12223.823010316884,14577.801075111362,4323.878515708124,133131.95161212017,6384.213861562087,2980.27537727665,2091.246601451793,-0.5555781897441769,-4.275921917879932,-3.224262326326699,3.2253821117211867,2.480195109451011,-4.283608719036769,7.02031620576975
2006-03-01,2006,3,12030.618647178811,14949.658011095027,4237.327092722785,126662.61885938513,6082.498830705269,2972.820530782009,2089.494138972107,-4.046802234118929,1.1127492680572448,-5.937975060244938,-7.3563110394917475,1.9040849287797146,-1.2369741601978124,6.307268334427207
2006-04-01,2006,4,12705.04903250048,15326.376887458677,4493.0161362247545,130931.2384087026,5615.416038471572,3005.673548789317,2082.4086076274803,-3.5401709519080504,2.9907871839747413,-2.95567115231562,5.294690660746082,-8.505877181215926,2.0077827056625086,5.518928702669257
2006-05-01,2006,5,12777.906476317145,15385.00005295818,4669.582630317601,131656.0164921623,5499.550751250476,3049.9199008771484,2006.100984356787,4.025430366672045,4.365753482012136,-1.5241947362544694,4.614224907173359,-8.014721556001081,3.9074405017188285,0.3316360635215787
2006-06-01,2006,6,12809.743915557165,14142.541972469591,4256.606924211307,125941.51656497033,6209.786260173862,2893.0576906596525,1902.248988804521,8.244095947994934,-4.7582575878763915,-5.8161159991218625,2.6892249540745983,-0.07539657987061243,2.4533958462850336,-8.123450356681216
2006-07-01,2006,7,12226.337474872656,15839.456147353209,4344.651521383248,127327.3438651254,6311.966757692644,2909.1420478125883,2045.6600132843053,-0.8982623450646376,2.608209106262094,-5.033104748237827,-6.477107865281662,-1.3390176475613913,-0.5895203332044741,-4.200835084314802
2006-08-01,2006,8,12292.22039999582,14755.88714469784,4494.646652074596,131585.8671474465,5462.563049642766,3032.163502483616,2148.801545027541,-4.908716547665415,2.180348137375976,1.8630385789325077,6.5008732537271685,-7.96133158113248,3.2161806560559336,5.039323264282358
2006-09-01,2006,9,12131.53523834958,14414.69496721938,4574.270917772464,123626.53218127324,6032.179437317604,3100.2456506560925,2147.144224807962,-0.5913054578972621,-3.2839175576899082,6.1160484361373335,-4.524591599051653,4.965758245806562,-0.48446798244999867,13.860694668726016
2006-10-01,2006,10,13010.42082491221,14767.19918448333,4343.911987004197,128425.5999530944,6033.813752275828,3017.229027305032,2029.337343581273,0.8682273623234815,-1.492989966220959,-6.71421228812471,-1.7743896775028634,-5.139810184792926,-4.4390143513491465,4.987138372075783
2006-11-01,2006,11,12482.223995877632,15140.217613467466,4528.21219227274,140068.11078247352,5360.933911265855,3212.6226104996567,2166.808189987607,-3.7975414133210705,4.661992307809726,-5.385583079438117,8.230437087101983,-2.0298045642926477,8.858893247308686,8.086728525569287
2006-12-01,2006,12,11616.904823900331,14757.164187504715,4882.898425357698,134614.49946118038,5952.197686841758,3098.363445980661,2202.044254703437,-4.608372564852892,-1.853342503314026,16.593562192811895,1.8072541498102224,-7.441083270534277,1.7293574635348197,9.219149918383152
2007-01-01,2007,1,12792.19090073829,15092.891108515978,4410.961335700047,132834.41379945946,6007.522330702089,3013.027202976792,2027.6663981577788,3.2055202554808426,1.1154873979739799,0.6987283963487245,8.505314929453057,5.516387266028611,2.2495505708630015,6.739854698397441
2007-02-01,2007,2,13344.09966914006,13993.125810928046,4658.843383877535,125930.51924989984,5890.527866779153,2987.575533623802,1973.503875885051,9.164699602388415,-4.010723298876195,7.746861225460555,-5.409244193461316,-7.73291756022314,0.2449490541314603,-5.630265004854151
2007-03-01,2007,3,11618.310414878695,15282.26296165083,4063.580199971321,128141.88535189308,6120.5289599550615,2983.3635176297184,1979.817137672352,-3.427157359000843,2.224833172163243,-4.100388970439839,1.167879288955942,0.6252385788849013,0.3546459242508071,-5.248973866646445
2007-04-01,2007,4,13019.874609047509,14710.084458332094,4325.289753853111,133309.78545109884,5977.240944240116,2954.11800392952,2084.880620462974,2.4779564072651805,-4.021122758836004,-3.7330465167787152,1.8166383143582543,6.443421169324903,-1.7152742645841768,0.11870930740678354
2007-05-01,2007,5,13067.48959267825,15354.31729885123,4512.121775243261,131366.87323692004,6039.695033021443,3060.9662396409767,1987.133402286156,2.2662798236771087,-0.1994329151857821,-3.372054154305215,-0.21962023684612975,9.821607367622697,0.3621845531304402,-0.945494878799058
2007-06-01,2007,6,11678.04999889714,14464.61024865946,4655.449527448848,130009.45868408195,5533.357134959048,3061.8983536415108,1965.9441840747695,-8.834633417500292,2.277301186850411,9.369965569734662,3.2300247210482524,-10.89295342664297,5.836062776313344,3.3484152519002164
2007-07-01,2007,7,12592.097180735222,14343.740642431994,4074.877030794974,128383.58867828184,6144.458105065824,3068.461415885561,2054.812477040745,2.991572141814891,-9.44297260591962,-6.2093470387789225,0.8295506535307196,-2.653826597275255,5.476507006344589,0.44740884100995526
2007-08-01,2007,8,12223.722141331484,14053.477146224888,4666.325893851437,127917.34496151486,5925.4375517791095,2904.6472805379944,2166.39416183679,-0.5572488650167684,-4.760201752595705,3.8196382289050312,-2.7879302431627617,8.47357729201157,-4.2054533616400995,0.8187176172671284
2007-09-01,2007,9,13407.024998120069,14378.91203274803,4725.655209998385,125854.5213560704,5517.29944027641,2856.6811613901878,1979.155194760743,10.51383633407319,-0.24823927632686704,3.309473683286801,1.8021933766857234,-8.53555505752912,-7.856296458777711,-7.823835404547353
2007-10-01,2007,10,13172.113939204315,15255.681938849491,4325.982014815393,125144.59076208727,5396.204495918772,2787.3751183064496,2135.0045909746354,1.2427969584388743,3.307890333594443,-0.41276094548980957,-2.5547937422176425,-10.56726777681135,-7.61804645648283,5.206982847262154
2007-11-01,2007,11,12970.117326844813,15343.015883474842,4488.686227853316,126074.71011523722,6604.903045915396,3037.361401713229,1857.1812172858624,3.9087051404326,1.3394673391416978,-0.8728823372472161,-9.990425792897373,23.20433631974783,-5.455393615597115,-14.289542292320556
2007-12-01,2007,12,12563.433833518682,15380.97034567993,4397.2045348284855,124471.50846764776,6469.979719737846,2993.45059105818,2054.761615778238,8.147858865736634,4.2271411380203405,-9.946835838462743,-7.5348428543224095,8.69900598296196,-3.386073220640995,-6.688450452828643
2008-01-01,2008,1,12668.465591115051,15329.741497368066,4737.979189805979,127053.16024870145,6384.809385961663,2959.160391589995,2053.74430818542,-0.9671940528662493,1.5692844210507095,7.413754717349663,-4.352225741354943,6.280243909063943,-1.7877970478851979,1.2861045609541044
2008-02-01,2008,2,11960.15907240523,15125.268505036627,4611.8251131610805,131950.5222126593,6584.591257188055,2897.912291853972,1858.8794212358407,-10.371180005012782,8.090706175345218,-1.009226257297402,4.780416215717498,11.78270277479232,-3.001204179131578,-5.808169725423262
2008-03-01,2008,3,12552.765416825125,15267.476958395611,4787.937414009855,130588.80686175644,5896.323996467935,2991.969707724192,1960.7535573988005,8.042950898865154,-0.09675270797474544,17.825591680057084,1.9095407431721556,-3.663163183346374,0.28847272696126414,-0.9628960125056985
2008-04-01,2008,4,12068.967191700667,14614.922927485088,4536.865535285589,135977.52639862656,5915.69298588516,2856.753356998392,2029.09835700816,-7.303506722607422,-0.6469135586308905,4.891597869113862,2.001159133592867,-1.0297051587700445,-3.295895654866021,-2.6755615121227816
2008-05-01,2008,5,12372.301405533446,15139.11983938335,4229.560545032102,131419.04346642742,6241.568356995994,3001.424146608904,1957.7086892257616,-5.3199827114025044,-1.4015436523770575,-6.262269599226977,0.039713383002792924,3.342442339734508,-1.94520580661669,-1.480761836449529
2008-06-01,2008,6,13301.69956013695,15083.626655565717,4586.298220738114,134818.74265189393,5797.352427297945,3002.139622734289,1909.8829591332544,13.903430464787746,4.279523583869982,-1.4853840924064055,3.6991800569667443,4.770978736778209,-1.951688919919592,-2.851618341743467
2008-07-01,2008,7,12810.793293588253,15598.136583788097,4470.3274912386905,140470.4308379656,6303.460200987897,2918.0984148348757,2098.2824678989778,1.7367727528946997,8.745249740819471,9.704598628503103,9.414631795324201,2.587731793483683,-4.9002734814343585,2.115521067929116
2008-08-01,2008,8,12404.813904530636,15845.181593358891,4450.388118049316,116127.89654682038,6291.905285814968,3003.385739821832,2046.6538202065808,1.4814780727617771,12.749189602626565,-4.627575971207887,-9.216458032522045,6.184652708487781,3.3993270007485865,-5.527172466560126
2008-09-01,2008,9,11947.972564288724,15290.66304012684,4467.410161221746,136391.29428338443,6293.962754648911,3107.3199249797426,2079.6833402257225,-10.882745680238026,6.340890084745587,-5.464745888152223,8.372184657159165,14.076874434308229,8.773774510683685,5.07934626506803
2008-10-01,2008,10,12712.703280160782,14967.672688443923,4849.29256652055,125522.8931819505,5347.298891722016,3021.959639476987,1951.7004977275944,-3.487751936886785,-1.8878818499233119,12.096919263948646,0.3022922665370409,-0.9062963465106599,8.415965243783408,-8.585653352780954
2008-11-01,2008,11,12493.46056254136,15815.591364051155,4490.391940704845,132795.7601523001,6091.877145819895,2960.1607894305257,1900.1538366518575,-3.67503818424908,3.0800690305306855,0.038000269231219796,5.3310057432768065,-7.767349445239269,-2.541699918855822,2.313862479655948
2008-12-01,2008,12,12365.320804056431,14814.409024994668,4868.196248911691,135361.39995288354,6613.013874190272,2963.9418147184374,1982.2551820008712,-1.576901920983531,-3.6835213120633425,10.711162293058463,8.748902957230765,2.2107357464517863,-0.9857779656657573,-3.528702951262075
2009-01-01,2009,1,12478.075266007654,14893.699251253724,4313.407538057481,137983.46309620736,6140.883430373328,3002.2321894535053,2086.685276438105,-1.502868076153796,-2.8444200848997125,-8.961028209283551,8.602936618113466,-3.820410929175999,1.4555411726218548,1.6039469042662846
2009-02-01,2009,2,12140.989304524,15037.633417065475,4848.57346043682,126805.0975666336,6435.1778680511725,3060.5706218900464,1944.384395131644,1.5119383531945418,-0.5793952546493286,5.1335066154203135,-3.899510634549086,-2.269136887939338,5.612948690452324,4.599812818356819
2009-03-01,2009,3,13085.174612299836,14789.058656758836,4660.781436618417,129427.08975208271,5698.621867671907,2868.1652978476814,1976.6422037117316,4.241369752366242,-3.1335780164625793,-2.65575688227192,-0.8895992984326306,-3.352972613351246,-4.1378898174300405,0.8103336726319466
2009-04-01,2009,4,12793.44847194916,14489.935768646712,5025.936990828259,122406.80329988195,6029.690986807459,2914.3082763068774,2075.3192149222373,6.002844060647439,-0.8552023124482111,10.77994160811917,-9.980122052640661,1.927043901607095,2.014696829444129,2.277901303031382
2009-05-01,2009,5,12612.47895552182,14577.731401774568,4249.244789064776,116407.5884985031,6002.884178265786,3063.063686777125,2104.2612100498136,1.9412520121838917,-3.708197329598839,0.4653969088064036,-11.422587299350706,-3.8241058188952293,2.053676426834361,7.485920741456731
2009-06-01,2009,6,12801.571532138489,15305.16903638334,4260.886349357588,136872.63494249887,6113.063571759069,3059.5817460612648,1927.7786348765687,-3.7598806508700955,1.4687607024261418,-7.095305532228435,1.5234471485230827,5.445781473876554,1.9133728122431082,0.9370037916583085
2009-07-01,2009,7,12083.955016645274,15954.485771276626,4367.010348181733,137083.11274859554,5965.759411314326,3020.065760157388,1988.0599644111392,-5.673639877608194,2.284562553830316,-2.311176155649597,-2.41141005203962,-5.357387512665602,3.4943079645338937,-5.252986915446378
2009-08-01,2009,8,11935.453551939578,15316.930881169084,4838.627423099868,125840.69752157562,5584.67650817148,3069.0185728932342,1932.5686021086815,-3.7836952347961694,-3.333825548652658,8.723717903972927,8.363882635934283,-11.240295991707427,2.1852948224791113,-5.574231312180777
2009-09-01,2009,9,12844.19964847268,15927.364231426858,4770.919885341692,134846.89535369212,5913.729475866266,3163.183419052937,1909.990124769767,7.501080868420207,4.1639868044253125,6.793862957883001,-1.1323295506555309,-6.041238145265371,1.7978031043442977,-8.159569881323259
2009-10-01,2009,10,12148.767607923624,15190.016661605592,4640.5704361546905,131699.72281307785,6263.221931662928,2796.517284297074,1945.8632375270456,-4.43600121712292,1.4854946242466527,-4.304176898025802,4.920878952474261,17.12870476267603,-7.460137860045357,-0.29908585909289576
2009-11-01,2009,11,13561.836086765055,14480.524182125995,4506.621640552336,130179.08741586618,5517.329612152761,3083.4568092253658,1979.1703037974848,8.551477942204123,-8.441462296248803,0.3614316982081478,-1.970449006378605,-9.431370986550103,4.165179818443576,4.158424734960264
2009-12-01,2009,12,11841.699040041898,15002.583049539764,4546.196899439057,126693.43941979452,5902.437958376357,3082.2097680989764,1991.151316727094,-4.234599104317294,1.2702094577489609,-6.614346115249948,-6.403568917066571,-10.745114547350344,3.9902252059483834,0.44878857207693024
2010-01-01,2010,1,12982.526164569712,15390.785589250694,4727.303633998334,129333.78810327772,5612.066670650864,3074.088695779301,1994.1948288799624,4.042697994748168,3.337561270784528,9.595571303871008,-6.268631616310971,-8.611411789823142,2.3934360099868046,-4.4324100333913545
2010-02-01,2010,2,12958.077682717683,15515.369310511634,4494.2080992595975,126797.03576220386,5955.108064805138,3062.7676020277418,1944.626057900049,6.7299983362082205,3.1769353607463247,-7.308651999784221,-0.006357634341558338,-7.460086000566424,0.07178335052888674,0.01242875477762695
2010-03-01,2010,3,12523.736556503822,14979.975671452125,4305.953679529862,125887.23838691258,6019.318218015616,3039.201192001977,2079.0225755170186,-4.290642444070036,1.2909341907710647,-7.613052916422458,-2.7350158084761933,5.62761239104157,5.963250942428022,5.1795095547913395
2010-04-01,2010,4,12224.445548727925,15224.022024750571,4739.284234319197,124830.38045612523,6763.478277062347,3144.5413190485347,2100.597920286385,-4.447611794965423,5.066180194478664,-5.7034689657305515,1.97993664641809,12.169567094903577,7.900092265922454,1.2180634758443665
2010-05-01,2010,5,12360.135242614257,15176.552087275291,4323.67215370838,131448.6303842799,5749.585364623953,3197.0071655773554,2040.8968312840968,-2.00074635444355,4.107776916700678,1.7515433527185653,12.92101492676332,-4.219618538684022,4.372859740998791,-3.011241116981711
2010-06-01,2010,6,12314.985205945391,14176.798214804148,4415.784008896168,128085.64515944336,5808.959884834399,2928.7317154775565,1983.176433492508,-3.8009890033541383,-7.372481930103724,3.635338913978159,-6.419829490932926,-4.97465278014706,-4.276729352048115,2.873659745662982
2010-07-01,2010,7,12667.677087668377,15405.666213498766,4363.158601466548,132037.7567095633,6041.700654296377,2920.202551615305,1899.01322326688,4.830554816027077,-3.439907532249753,-0.0882009981219456,-3.6805088080288817,1.2729518196463951,-3.3066567575958605,-4.479077227966544
2010-08-01,2010,8,13313.78329479509,14646.974152504265,4624.096390709282,127353.17373193856,6803.822599608813,3013.178156069688,1857.954647715849,11.548197451043052,-4.373961950095873,-4.433716705824531,1.2018975102260576,21.830200722521397,-1.8194877449341784,-3.8608696380257324
2010-09-01,2010,9,13356.05204668964,15490.825767846489,4351.820567427963,127993.08041062905,5860.778173752838,3067.462087035461,2050.5698399471826,3.985085970520741,-2.740807940582035,-8.784455157198956,-5.082664250508762,-0.8953960834617192,-3.0261075421966876,7.3602325663522095
2010-10-01,2010,10,12088.979150562003,14728.582961786971,4495.468350183215,128456.27724010966,5624.086117256887,3003.301370800217,1858.4598370493768,-0.4921359868850117,-3.037743210545285,-3.1268157216402748,-2.4627580861135367,-10.204585138121502,7.394343230570066,-4.491754548420779
2010-11-01,2010,11,13163.438924588903,15387.133889645624,4518.659906497814,123165.48712171613,5952.177332257388,3134.630507311717,2061.325505413188,-2.9376344001454613,6.260890117767293,0.26712395460830596,-5.387655139834102,7.881488884528642,1.6596210439285164,4.150992032270784
2010-12-01,2010,12,12750.660815787158,14515.119681594431,4756.079403905734,129281.60679290236,5975.077906904344,3106.467491463684,1974.3363892242803,7.675940527382652,-3.2491962639745964,4.616661114976628,2.042858245036694,1.230677036171146,0.7870237650849043,-0.844482654912071
2011-01-01,2011,1,12301.416066215794,14940.611195534784,4647.033192073379,130152.8155902649,5882.054937560465,3240.787863112174,2057.9700150470785,-5.246360297834163,-2.9249604648532213,-1.6980174776093704,0.6332664487745054,4.810852806178256,5.422718204642218,3.1980418985909864
2011-02-01,2011,2,12319.64314832179,15558.16163966039,4462.417935549451,125562.17061588596,6417.571260060304,2997.5566278635483,1842.2745394184255,-4.926923190523702,0.2758060623137215,-0.7073585158502982,-0.9738911788393589,7.765823730191168,-2.1291518860595104,-5.26330078041587
2011-03-01,2011,3,12577.087685395294,14143.43412485518,4810.346298062649,129568.5706713194,6242.439829532747,3026.309259693489,1936.27321839997,0.4260000891169069,-5.584398566088278,11.713842183919132,2.924309351431087,3.7067588626455317,-0.4241881828164096,-6.8661763849076625
2011-04-01,2011,4,12686.068857695518,15225.771926601356,4516.5084146982335,129760.20999676324,6157.404192422501,3023.1361927777707,1931.4751457808295,3.77623105381355,0.011494346552698431,-4.700621625682366,3.949222555138099,-8.960982201943112,-3.860821466562836,-8.051173090873965
2011-05-01,2011,5,12968.37102395671,14602.229932625616,4507.86562416636,129506.0177658736,6220.967258332078,2979.1741463520702,2091.8954039227383,4.920947622364413,-3.7842729451784574,4.260116491487409,-1.4778492653192532,8.19853717814929,-6.813654394357482,2.498831487065134
2011-06-01,2011,6,12755.80475505999,14989.426234336112,4319.108684741709,124112.4177227919,6434.666223733335,2813.570525808562,2145.3082670279646,3.5795377886591373,5.732098371008587,-2.1893127915607824,-3.10200837237109,10.77140058295949,-3.9321180926337074,8.175361041878215
2011-07-01,2011,7,12114.86569456828,14992.7642816494,4663.98679817825,134399.2768340627,5611.01788394257,2995.0231509342307,1964.977207601892,-4.363952359018086,-2.6801952354879144,6.894734392891122,1.7885188171546273,-7.128502304190465,2.562171561610982,3.4735926810206097
2011-08-01,2011,8,12510.71929144286,15110.807896882356,4513.403875070868,127501.40127659794,5973.663229273257,3016.739739709016,1990.7402338709176,-6.031824204816239,3.1667547136265517,-2.393819381897344,0.11639093107438381,-12.201367072434943,0.11820023426605264,7.146869075534967
2011-09-01,2011,9,13160.827398687969,14706.646761727285,4706.33149584239,130839.43889442211,6189.024339128007,2992.08565102828,2132.42327745737,-1.4616942740205863,-5.062215648612378,8.146267129390194,2.2238377845594126,5.600726655125787,-2.4572898985698033,3.991741023182893
2011-10-01,2011,10,12741.473425007933,14627.255040899756,4199.847590678509,134740.85901284727,5740.3398960558025,3077.3407802441343,2195.7388433558267,5.397430720323437,-0.6879678863208283,-6.575972434388467,4.892389774763983,2.067069678079858,2.46526739420061,18.14830751693499
2011-11-01,2011,11,12678.594983658057,14975.648104823897,4783.401571963313,128003.6652786553,6272.068106193454,3224.3991118765643,1806.802628084648,-3.683261978183927,-2.6742198239961157,5.85885353055231,3.9281930920777697,5.374348848822774,2.863769887884926,-12.347534470424225
2011-12-01,2011,12,12123.346597773976,15159.945498411556,4240.370986194574,126994.05340830714,5754.145487516468,2975.0231924144264,1950.4076666876867,-4.9198565241142305,4.442442301283833,-10.843141459910354,-1.769434524634017,-3.69756550174154,-4.231310947578093,-1.2119881225506446
2012-01-01,2012,1,13185.875351542598,14574.543349485391,4570.751723783482,129098.05047843278,6240.9266641043005,2937.523987335484,2126.2983821140742,7.189898143156492,-2.450153084492268,-1.6415090044980318,-0.8104051434066784,6.101128438162373,-9.357720671215464,3.3201828290696733
2012-02-01,2012,2,12049.661518888965,14972.878234033651,4518.555776637041,131815.88589058255,5849.768188666905,2885.063362434046,1929.8536263920264,-2.191472806333694,-3.7619059319627612,1.2580139713130212,4.9805727664804955,-8.847631734564686,-3.752832036059972,4.753856447543803
2012-03-01,2012,3,13362.878862761014,15481.36411134879,4273.848429925652,132047.01343702595,5778.457171696193,2920.61235365539,1948.8148680536883,6.247799148909428,9.459725089979232,-11.15299886731792,1.9128425611745659,-7.432713338164188,-3.492600952779168,0.6477210723434101
2012-04-01,2012,4,12355.823476588595,14943.365857749252,4728.684081051923,130210.64022667144,5942.386009534678,2904.522367325881,1975.599523202758,-2.6032129007922844,-1.8547898274944297,4.69778082695913,0.3471250778027013,-3.4920264476454466,-3.9235356228825014,2.284491080214779
2012-05-01,2012,5,12367.95158242933,14603.622141884973,4690.115188546327,137209.58613852604,5976.685407320429,3000.7637158828247,1900.1485187085027,-4.6298755673955805,0.009534223647889029,4.04292362671459,5.948425027305881,-3.926750308554827,0.724683031946638,-9.16617938232812
2012-06-01,2012,6,12186.506553131843,14874.160718651778,4299.960105200154,129082.68684226942,6282.747793790346,3055.0015751009337,2036.6994123533293,-4.46305202109899,-0.7689788380311424,-0.44334562844416947,4.004650953282329,-2.3609372213069912,8.58094890736707,-5.062622297405217
2012-07-01,2012,7,12203.916482753037,15130.012807831945,4498.583825441178,129569.91807737986,5991.245776671074,3076.4375528147,1853.9728061249148,0.7350538621710312,0.9154317616433927,-3.546385954644593,-3.5932922188602667,6.776451271285877,2.71832295703871,-5.649144481042089
2012-08-01,2012,8,13423.820940973235,14111.616343036823,4511.461369730628,129580.27535021192,6156.572209463828,2906.935589538245,1884.481907065368,7.298554369730947,-6.612429730191227,-0.043038588923305365,1.6304715499589895,3.0619231980511863,-3.6398284122899582,-5.337628938102812
2012-09-01,2012,9,12246.153737707791,15489.067798918217,4468.361409384736,127347.44658955428,5960.847441945793,2946.254442585864,1908.2133211646385,-6.949970797970984,5.320186510681091,-5.056381741657557,-2.668914154917479,-3.6867991573347525,-1.5317478771593729,-10.514326994220024
2012-10-01,2012,10,12562.197749329274,15283.585346580032,4463.431508091596,138690.63576829867,6039.364655638428,2970.049973128686,2036.9068884947671,-1.4070246799462782,4.487036725927651,6.2760353018073145,2.9313875422708913,5.209182121568912,-3.4864779293938497,-7.233645082231677
2012-11-01,2012,11,13036.97089952992,15317.321420972225,4465.684331334797,133564.18934421262,5816.00094083891,3023.3972527671453,2057.230840543684,2.8266216906036368,2.2815260732406584,-6.642077522630208,4.34403503481906,-7.271400081006663,-6.233777275556873,13.860297110842112
2012-12-01,2012,12,12926.975082557004,14897.55972322712,4532.316688528796,134478.89186406572,5744.709498018198,3038.08592022908,2158.5379505757182,6.628767711141625,-1.7307831034876098,6.884909440346454,5.893849558210085,-0.1639859388112619,2.1197390317980735,10.671116989685148
2013-01-01,2013,1,12658.3259432243,14935.938890129511,4632.194828450552,131735.00086794264,5796.797880502965,2945.4538063323184,2135.9233131230217,-4.000867551478715,2.4796354299284395,1.3442669473241686,2.042595050612639,-7.116391643500853,0.26994908062103473,0.4526613522311873
2013-02-01,2013,2,11721.884404685834,14541.851568795895,4221.647939164801,133328.1024202985,5777.634878534943,3112.45434168358,2011.361160029042,-2.7202184367528415,-2.8787161593154753,-6.570856976191086,1.1472187282276503,-1.2330968989798685,7.881663266407091,4.223508587508706
2013-03-01,2013,3,12667.072732259969,15422.366248274318,4428.170779164292,125353.22476937652,5806.419606651746,2810.273482450093,1973.507588827101,-5.207007693829224,-0.38108956452501674,3.6108521808604355,-5.069246545921868,0.48390831885918306,-3.7779361943463208,1.2670634434390315
2013-04-01,2013,4,13166.93376166364,15035.692223293534,4346.67114937718,128421.89676915144,6236.313672450971,2733.590728216282,1937.6594230142864,6.564599167444474,0.6178418331128865,-8.078630864884563,-1.3737306370709357,4.946290302324363,-5.885017138531157,-1.920434771464452
2013-05-01,2013,5,12452.70231832136,14977.460111976963,4277.347095817598,130755.69566566148,5875.380429508178,3065.727986976914,1978.869494291634,0.6852447256701089,2.559898951505857,-8.800809279412691,-4.703673157609223,-1.6950026797155626,2.164924574042204,4.142885401223095
2013-06-01,2013,6,12003.471794402143,14541.610289218252,4585.086339855073,122027.9007963952,6198.984861470067,3075.56925253421,2082.0154397665465,-1.501946090388484,-2.2357592856753095,6.630904186997011,-5.465323211388295,-1.3332213080885946,0.6732460500481707,2.2249737559876914
2013-07-01,2013,7,12689.680543027596,15058.531450720451,4600.441390199979,129287.865495276,5980.889764881515,3083.6543187915254,2041.5182005506424,3.9803948262105537,-0.4724474329228068,2.264213999587117,-0.21768369254923092,-0.17285239457015544,0.2345819101779778,10.115865443448758
2013-08-01,2013,8,12908.922014127416,15029.11529077967,4007.700477445959,127141.60740074344,6459.702793736257,2972.8747399636936,1775.2736305211972,-3.8357106304524935,6.501728260176054,-11.16624638891116,-1.8819746623300326,4.923690877960629,2.2683388879601196,-5.795135317283928
2013-09-01,2013,9,12425.330469456318,15137.417708436697,4670.347054675204,133509.29799848198,6080.5386690240775,2933.510180746898,1962.114244349568,1.463126591305275,-2.2703115193677403,4.520351573761361,4.838614023245857,2.0079565572510782,-0.43255808645571436,2.8246801647958453
2013-10-01,2013,10,11961.288121692258,15346.2647772793,4468.813731631559,126699.911647466,6135.803843021608,3102.843865480276,2088.823458063339,-4.7834753092395825,0.4101094689361817,0.12058488026993608,-8.645662379733254,1.5968432588872261,4.4710995960685285,2.548794442289748
2013-11-01,2013,11,12331.10071549117,15084.269105925858,4584.06521528323,121429.65011740508,6204.314688904491,3107.341846804636,2130.2243367639257,-5.414372629029973,-1.5214952317137875,2.6509012989963887,-9.085174167107935,6.676645207171683,2.7764989850626254,3.548143202099352
2013-12-01,2013,12,12584.702242998335,14983.347761609795,4501.58390275792,133268.6142675917,6470.5263838253695,2882.6503897468474,2137.58606996824,-2.6477411565565268,0.5758529583131722,-0.6780811642897566,-0.8999758844662309,12.634527229924553,-5.1162322121065085,-0.970651482031637
2014-01-01,2014,1,11669.142351624994,15521.919825228331,4649.402563413979,129576.52311492726,5988.47624636009,3029.621681610344,1844.998415598774,-7.814489815130665,3.9232949425500596,0.3714812437883186,-1.6384998206962043,3.306624964479421,2.857552038231792,-13.620568479065586
2014-02-01,2014,2,12545.527176025958,15710.838258606766,4694.823003098414,129507.94459030277,6218.606337800559,3096.9777927875257,2087.293589968071,7.02653893268963,8.038774734293796,11.208302320615227,-2.865230780794592,7.632387101924909,-0.49724581301593407,3.775176305877004
2014-03-01,2014,3,12884.741385964986,14820.393485102852,4633.833462516101,134890.83464899965,6107.097038769481,2807.8948160679893,1862.68925343938,1.7183816522239326,-3.903245153698931,4.644416252406192,7.608587570978176,5.1783620972428945,-0.0846418114449854,-5.615298163286142
2014-04-01,2014,4,13004.526361029986,15194.204315254612,4536.41024316852,136460.63891622348,6394.974695915969,2889.679857260182,2025.0285982088144,-1.2334489074936617,1.0542387381108353,4.365158698939697,6.259635116215678,2.544147581381062,5.710040183877529,4.509005770405916
2014-05-01,2014,5,12219.160470589472,15725.241219420635,4446.979125942227,130304.15895094644,5447.223618020806,3184.2990308279027,1952.335861653598,-1.8754310651775907,4.992709724165434,3.965823355567677,-0.3453285246323823,-7.287303632919196,3.867630929902255,-1.3408480303818249
2014-06-01,2014,6,12385.242852079047,15450.29541248128,4379.495716641401,121355.64512945284,6043.538353025662,3066.648686358836,2009.3772782444048,3.180505308930237,6.248861750453916,-4.483898622074156,-0.5509032463518526,-2.507612325537134,-0.290046018896295,-3.4888387537743926
2014-07-01,2014,7,13423.041876698211,15348.956695403902,4839.607262489591,133255.36948230054,5798.796510702288,2935.2147125548368,1919.962734142104,5.779194607649618,1.9286425481387592,5.1987592494731505,3.0687365529826094,-3.0445846912016017,-4.8137563712025155,-5.954170106137302
2014-08-01,2014,8,13343.678246366277,15153.689493351392,4501.495582552786,124723.0075952152,6028.1357576362325,3040.888690580644,1955.3848952177425,3.3678740313332733,0.8288858004046995,12.321157927987514,-1.9022882083792991,-6.680911643775622,2.287817569393491,10.1455494860061
2014-09-01,2014,9,12165.499233502567,15427.89106167293,4678.7194727031365,123649.66804402528,6015.566851535731,2946.604971988734,1934.7959386600205,-2.0911414516697313,1.9189095447524007,0.179267577546538,-7.384976254289654,-1.0685207516125228,0.446386425647316,-1.392289249630485
2014-10-01,2014,10,13043.63109643699,15114.575418511417,4609.050998465631,138690.2239553347,6237.369379821821,3134.196278852168,1937.918702281176,9.048715855124833,-1.5097443067117466,3.138131845626768,9.463552225064632,1.6552930862632653,1.010441218802316,-7.2243901321404564
2014-11-01,2014,11,12392.306259801624,14509.304595977948,4661.720804405984,124872.00604612008,5365.285700788034,3197.0259765935543,2010.9716402351896,0.4963510210695521,-3.8116829255057105,1.6940332537995095,2.8348561701254438,-13.523314502678884,2.8862009463536342,-5.598128538419367
2014-12-01,2014,12,12391.229785101425,14763.425572197397,4544.7960102808365,134373.81143593934,6554.971393359478,3035.361693249109,1925.3220243323728,-1.537362220902383,-1.467777381339841,0.9599311810325695,0.8293004128702819,1.3050717132565781,5.2976005708299745,-9.930081816028146
2015-01-01,2015,1,12215.98402488972,15585.235901216967,4602.854314783563,126973.62166530464,5801.868042845244,3064.2754703509568,1831.8689600651016,4.686219919054935,0.40791394815560267,-1.0011662357805484,-2.0087754996435447,-3.116121628240065,1.1438322134727175,-0.7116242172712894
2015-02-01,2015,2,12713.0337582448,15732.82458316849,4587.942293144495,124265.82547877348,6071.43636732934,3221.12854816608,2087.987455242236,1.3351896645598105,0.13994367582315093,-2.2765652695188154,-4.0477201055986844,-2.3666069610585927,4.008771250077592,0.03324234202126686
2015-03-01,2015,3,12761.607265454384,15136.470963394746,4532.378953205169,124288.17400174764,5480.51903132838,3141.386336811634,1887.3865666480124,-0.9556584553938263,2.1327198809505843,-2.1894293381843677,-7.860178695491992,-10.259833820609298,11.876923552665207,1.3258955117193993
2015-04-01,2015,4,13278.717537473143,14292.17292500739,4564.6669542010895,138034.81380190703,6272.075881255665,2852.32681330115,1998.0759584811613,2.1084287795733347,-5.936680668046601,0.6228870300062139,1.1535743187088388,-1.9218029860038621,-1.292636063651964,-1.3309757576506986
2015-05-01,2015,5,12977.329981365445,15673.769955524756,4424.501788910207,126478.47500769344,6035.258057308614,3014.166912607571,1948.6342312726435,6.20475942353671,-0.32731621205474015,-0.5054518223594595,-2.93596457246863,10.79512207544484,-5.342843639157168,-0.18960008130052275
2015-06-01,2015,6,11530.000774291197,14119.50924199207,4594.332058539522,132507.67376366112,6349.469944202359,2853.830810329526,2096.6527515024086,-6.905331514305235,-8.613338029861595,4.905504099062763,9.189542540284922,5.06212707367919,-6.939754037558121,4.343408985606545
2015-07-01,2015,7,12063.541815732706,14721.068382853966,4364.043656254683,128088.34961127574,5945.638478145786,2962.366713980155,2104.8988718129945,-10.128107126936225,-4.090755645547894,-9.826491705656892,-3.877532208344592,2.5322835035250124,0.9250431087436617,9.632277459464621
2015-08-01,2015,8,11893.784823515713,13935.009844276809,4677.264962388144,124089.6701117326,6076.785054995449,3059.687642110678,2053.4678163956446,-10.865770262748919,-8.042131585243805,3.904688488790664,-0.5077952301616007,0.8070371888620809,0.6182058418733094,5.016041671273119
2015-09-01,2015,9,12426.005333440527,14792.462940284284,4481.688313793375,124224.85498293568,5359.47729676364,3062.3113978680763,1933.8866895181848,2.141351496867072,-4.118697227304269,-4.211219759151897,0.46517467293611947,-10.906529192749248,3.926770876289165,-0.04699457568975163
2015-10-01,2015,10,11992.399375724255,15405.233308130995,4171.671157160157,137858.92963377788,6024.78516932488,3052.6307068350075,1951.920385495896,-8.059348757570195,1.923030462791564,-9.489585631642584,-0.5993892704539316,-3.408235067569676,-2.602439820617486,0.7225113828685625
2015-11-01,2015,11,12689.473788935686,15358.905043003346,4893.696389464786,123785.78511400743,6026.937954261584,3151.3990805259305,2006.141857792741,2.3980002019318825,5.855555939330892,4.9761792864032595,-0.8698674478821666,12.332097308002998,-1.4271668857767428,-0.2401715840151697
2015-12-01,2015,12,11995.200197304042,14619.9924866217,4601.890977150359,126625.96400778487,5861.082738645505,2986.299322001189,2207.286010712892,-3.196047484112896,-0.9715433919740835,1.2562712768706685,-5.765890946576391,-10.58568547556008,-1.6163599664922534,14.645029912764528
2016-01-01,2016,1,11676.714872601897,15418.929838846349,4626.670593609561,137279.76836519042,6268.673425648306,2921.608392210453,2148.261049557894,-4.41445528406944,-1.0670743992885812,0.5174241285348824,8.116762020896129,8.04577731440681,-4.655817648279637,17.271545966996893
2016-02-01,2016,2,12193.405589320915,15312.748613355678,4114.066360202522,133625.74925168138,6389.524532362321,3090.5077214751177,2287.873051969404,-4.08736560293399,-2.6700607229945494,-10.328724789107724,7.532178486599861,5.239092461622885,-4.055126168911505,9.573122492921215
2016-03-01,2016,3,12941.52036954739,15073.902915188277,4479.786033472543,126649.85758237824,6452.260981610851,2954.074523908231,1923.8399681288377,1.4097997246791172,-0.41335954964523136,-1.1603822247791884,1.9001675739458435,17.73083798683457,-5.962711771819695,1.9314221116645047
2016-04-01,2016,4,12055.29342691753,14846.37414250842,4436.18011862873,136034.40517515733,6167.775652551174,2893.593619919536,1857.806086628999,-9.213420701984631,3.877655416072745,-2.8148129285556434,-1.4492058718030942,-1.6629299561919497,1.446776941055572,-7.02024721616632
2016-05-01,2016,5,12356.605132120389,15292.920022985358,4340.744535857495,126034.7599120293,6024.741351246498,2997.880789774934,1895.7616078792412,-4.78314761307892,-2.429855316366658,-1.8930324146923305,-0.35082261676316895,-0.1742544554392378,-0.5403192094145748,-2.7133169758016384
2016-06-01,2016,6,12240.005503895372,15354.239117845513,4506.151109433525,130571.94377603318,5397.646530486281,3068.17346440673,1996.726948877264,6.157889695786456,8.744849801020704,-1.9193420933102723,-1.4608436874987918,-14.990596413251456,7.5106994185284215,-4.765968162994094
2016-07-01,2016,7,12414.369445927348,14741.291205246604,4710.964956052962,128076.46556767896,6425.431652482394,3188.04953336957,2227.002735769014,2.908164414343961,0.1373733336922145,7.949537793946249,-0.009278005090118668,8.069666127534836,7.618328221295512,5.800937308254106
2016-08-01,2016,8,13431.392131568193,14941.40343291087,4389.0363065644415,128284.23949061256,5993.7470479945705,2831.390218623652,2203.652331514458,12.927821806666717,7.222051508254901,-6.162333289678279,3.3802728100599255,-1.3664792525879599,-7.46146176312098,7.313701920219295
2016-09-01,2016,9,12788.387058308776,14464.130570362147,4554.686625482707,127746.16502120411,5645.980010822636,3129.5198088763264,2139.123935107579,2.916317152166492,-2.219592310270313,1.6288127727370982,2.834626000370166,5.345721199938724,2.1946955183930417,10.612682051218215
2016-10-01,2016,10,12864.39480718594,14424.075995824514,4285.685665280031,124613.662859469,6163.144204367194,3138.085271642749,1901.63317769466,7.271234088708134,-6.368987036299012,2.7330655707169527,-9.607841007829466,2.2964974045343034,2.7993744744951865,-2.576294001277124
2016-11-01,2016,11,11767.48236801782,14961.086158089109,4905.645324410667,126571.28135101042,5891.764676136483,3136.226992445079,1721.9676311233125,-7.265797118567486,-2.590151340869584,0.2441699279016385,2.2502553378302093,-2.2428184784865968,-0.4814397571734852,-14.165210977756647
2016-12-01,2016,12,11583.343877887744,15196.080230085005,4525.610434213668,128994.17374469432,6174.5460205633735,2869.442679013241,2015.6732741140784,-3.4335093424190166,3.9404106670401173,-1.657591266621583,1.870240242959853,5.34821458586523,-3.9130921045663847,-8.680920173862205
2017-01-01,2017,1,12753.969371597432,14945.88240859442,4521.430021201792,133610.19280186034,5952.3398874109325,3145.9933934596447,2044.8217319080145,9.225664159387769,-3.067965385380611,-2.274650210739637,-2.673063632776762,-5.046259659070662,7.680187455904197,-4.815025514295234
2017-02-01,2017,2,12872.224604944811,15456.252506870209,4550.366915598399,130260.49627528708,6000.604924434268,3011.927110231444,2023.442864833784,5.5670994510213845,0.9371530685834406,10.605092801040739,-2.5184165441466844,-6.086831750284604,-2.54264406775746,-11.557904705770206
2017-03-01,2017,3,12271.340498819593,14800.83835529249,4620.678018074543,137919.81599334898,5555.588695984951,2941.66113519991,2008.5492666302807,-5.178525023263836,-1.811505364152577,3.1450605798863718,8.89851645007993,-13.89702444122214,-0.4202124424369069,4.403136430512622
2017-04-01,2017,4,13368.44933241894,15060.405712607995,4203.938953084113,134415.10620860147,6316.0751202078045,2956.757443491439,2030.730363609234,10.892774310821384,1.4416420335707114,-5.235160866651323,-1.1903598684986028,2.4044238313903232,2.1828850857660953,9.3079831218557
2017-05-01,2017,5,12217.405039766392,14742.196466879186,4476.058971671013,133538.31900796463,5862.729233448942,3034.839297336868,2212.8900908226456,-1.1265237568541586,-3.601166783573251,3.11730936238539,5.95356320841387,-2.689113247393371,1.23282112110632,16.72828912798645
2017-06-01,2017,6,12261.601665081898,15020.886065342076,4558.76711596472,122300.48004077352,6190.799366375652,2989.05528389589,1855.0111896389344,0.17643914604166255,-2.1710815491729263,1.16764851540474,-6.334794057632697,14.694419714399398,-2.578673645042373,-7.097403043416362
2017-07-01,2017,7,11927.277245924124,15332.208228447182,4620.320504664753,129438.43707418376,6143.905815722926,3101.770156731926,1827.7989984208568,-3.923616113769024,4.008583881649819,-1.9241164439515401,1.063404974885973,-4.381430726925628,-2.7063373932729395,-17.925606059496236
2017-08-01,2017,8,12738.40627888111,14749.709605440696,4572.057415071939,130981.58823459774,5440.759936780485,2929.3142490159235,2089.8434156931794,-5.159449191110566,-1.2829706950281405,4.169961142352907,2.1026345517545675,-9.226066879133777,3.4585141160752064,-5.164558591829394
2017-09-01,2017,9,12665.752949592576,14983.048699498991,4721.199068176736,128838.48522116424,5661.547030675871,3102.653548975192,1857.229322584692,-0.9589489914329952,3.5876206081832285,3.6558485003648666,0.8550708350257175,0.275718649789658,-0.8584786657982901,-13.178040219942211
2017-10-01,2017,10,12733.337749656044,14471.665709205976,4874.69873107394,120180.19309588616,5763.0788396918415,3009.3888705680847,2003.9675476644693,-1.018758048817714,0.3299324920032154,13.743729983879316,-3.5577718059556673,-6.491254324243567,-4.101112300472742,5.38139380245084
2017-11-01,2017,11,13881.531275604242,14588.779107510283,4508.8592743067,139302.11115106233,5913.480498290657,3113.6625357273315,2059.4700808235884,17.965175909947217,-2.4885028175412827,-8.088355840352857,10.058229374123574,0.3685792516820996,-0.7194777920126127,19.599813817644684
2017-12-01,2017,12,12536.471764423562,15718.48825222396,4806.678509257284,126761.0599511672,5963.10815070147,3045.983341265841,1946.763054798269,8.22843469540182,3.43778141618849,6.210611344687078,-1.7311741520565804,-3.4243468128303256,6.152437319755388,-3.4187197002994774
2018-01-01,2018,1,13021.364587659036,15210.62621560334,4558.857847011154,132750.26629546887,6141.322598311151,3114.1349812961776,1981.273832855877,2.0965646715216613,1.7713494578057487,0.827787351210918,-0.643608461569023,3.174931446705731,-1.0126662131490494,-3.1077476368974843
2018-02-01,2018,2,11296.27321585286,14452.75292805987,4359.905730532492,127607.1558505509,5803.355953835746,2902.0296434376005,1976.3922040940824,-12.243038305022713,-6.492515429366142,-4.185622579423576,-2.036949421049894,-3.2871514302721394,-3.6487425748294,-2.3252774544521904
2018-03-01,2018,3,11953.819999645955,15044.501762912689,4243.023359776027,127325.52185140977,5411.459693823841,3010.8487739844654,1934.8024624905368,-2.587496445104598,1.6462811211843897,-8.173143785852577,-7.6814880194229,-2.594306563141957,2.351992143372894,-3.6716452697955537
2018-04-01,2018,4,12459.542553080444,14724.349398516875,4416.015062107099,134562.51462890184,6234.239744810069,3132.745015623338,2128.9031756146537,-6.798894596805383,-2.2313895156873875,5.044700015622294,0.10966655791768698,-1.2956681774716317,5.952046303943237,4.834359783291786
2018-05-01,2018,5,12724.15972465293,14329.802820815115,4474.046942484423,132363.73887111343,6066.061490707532,3049.2975667805986,1975.145318648845,4.147809483577758,-2.7973690826233577,-0.04495090880892727,-0.8795828385267823,3.468218455297367,0.4764097214774443,-10.743632192117525
2018-06-01,2018,6,11574.860171736562,15425.174569246024,4506.898353373691,133862.5186975353,5841.394539493503,3057.650491637931,2077.7893723642783,-5.600748679522116,2.691509023803662,-1.1377804847583772,9.453796626887435,-5.643937175219838,2.294879191817234,12.009533094444901
2018-07-01,2018,7,12928.569922838553,14734.811993398142,4643.205108213304,128996.9265731183,6038.8706452279785,2989.4821669226862,2054.2088870920225,8.394981153444704,-3.8963483025272194,0.4953033783142713,-0.3410969037059841,-1.7095830184465144,-3.6201260614212694,12.387023347029658
2018-08-01,2018,8,12321.323107558645,14173.041201549466,4218.039716312718,127786.05583091166,5719.643317773414,2935.675643899537,1993.2880581423744,-3.2742178432002444,-3.909693270696768,-7.7430720268776625,-2.439680604546224,5.12581669166523,0.21716327928118506,-4.620219717216401
2018-09-01,2018,9,12918.871860405374,15629.653307083505,4266.567974086791,126660.26535111696,5956.434981857838,2837.3640426966635,2054.291424722043,1.9984513500315826,4.315574357080854,-9.629568411007872,-1.6906593292432381,5.2086108193428515,-8.550407001328054,10.610542259967183
2018-10-01,2018,10,12853.611517928235,14548.331725982467,4223.498358076278,120664.9031190842,6488.676719714351,2968.3886819116533,2012.6775892243147,0.9445580619695804,0.5297663608116787,-13.358781925261587,0.40331939125053395,12.5904555569347,-1.362409127561226,0.4346398508297433
2018-11-01,2018,11,13449.968277413169,14287.662781323275,4448.145624789665,128023.32789156606,5960.274833399987,3040.857266454831,2129.903632151802,-3.10890052129561,-2.0640269070356543,-1.3465412385568643,-8.096634836542648,0.7913163004909851,-2.338251767399502,3.419984198073278
2018-12-01,2018,12,13029.496279374502,13836.2320226568,4691.517501240844,128455.61600414688,6118.5413863756185,3069.628466446833,2101.0282209644515,3.932721456367494,-11.97479171892275,-2.3958541806914924,1.3368112049808367,2.6065808592766304,0.7762723078835299,7.92418809191795
2019-01-01,2019,1,12484.653786134542,15254.630036654064,4461.300425497721,124956.140375019,5926.6404566005485,3280.1970817662013,1999.0185516076224,-4.121770786090728,0.28929657745178083,-2.139953137108519,-5.871269518286393,-3.4956988217756058,5.3325273781454685,0.8956217185873694
2019-02-01,2019,2,12538.291634999909,14141.4660580151,4498.756892141668,129517.7624337629,6201.868965655749,2891.8967176034203,1840.5908246267252,10.994939617820476,-2.1538240610230797,3.1847285283440607,1.4972566158042433,6.866940697590751,-0.3491668617890964,-6.8711756293131305
2019-03-01,2019,3,13359.735166344371,14880.313384125311,4397.092831119722,122651.87845193196,6202.054408851748,3074.999157418397,2123.4092200735045,11.761220820959807,-1.0913513878680337,3.631124749495318,-3.6706257563444367,14.609638799125158,2.130641166312608,9.74811440647989
2019-04-01,2019,4,12524.360611220296,15065.645323551407,4264.853980344731,123071.55839814676,5927.000709941924,3218.910464332982,1869.1133393028329,0.5202282336105979,2.3179015642545764,-3.4230200675593125,-8.539492787010538,-4.92825183894986,2.750477561369591,-12.20298975019447
2019-05-01,2019,5,12752.993205091714,14844.799719829814,4571.433071590509,132435.7857789697,5836.270435129647,2994.3483281160425,2074.35942363825,0.2266042006916935,3.59388684864963,2.176689926547959,0.054431000869836765,-3.7881425358100573,-1.8020294005799742,5.023129389652969
2019-06-01,2019,6,12060.401046765068,15097.52964327538,4441.0721387188405,133118.99425063023,5582.0367262591,3077.1429169992443,2067.329700056315,4.194788255102178,-2.1240921747743946,-1.4605657703723351,-0.5554388593158599,-4.439998214140339,0.6374968432337758,-0.5034038794828222
2019-07-01,2019,7,12593.023297521926,14690.718082604822,4465.87516053481,135489.31897569215,6034.708272131269,2803.9756099006368,1963.7123023974173,-2.5953885643908547,-0.299249904329113,-3.81912802785338,5.032982238451877,-0.06892634966437772,-6.205307363081092,-4.405422703759887
2019-08-01,2019,8,12580.5286077708,15915.42021642056,4377.268783901974,124858.48926625376,5756.589389371155,3146.084785943254,1966.2449270460688,2.103714819824365,12.293614264527841,3.7749542038084227,-2.2909906293153703,0.6459506221818678,7.167315724438295,-1.3567096329021422
2019-09-01,2019,9,13133.869206356649,15562.948582391557,4276.622943800336,127334.38650176184,6197.181764583397,2722.254710834954,1875.1527888374892,1.6642114595951218,-0.4267831370368125,0.23566880393361966,0.5322278054416874,4.041793177610908,-4.056910926111135,-8.720215336964287
2019-10-01,2019,10,13016.598405821713,15473.45077578464,4559.186966262901,128874.10277341188,6138.169402253273,3150.492508466408,2052.746537903344,1.2680240698588419,6.358935630742901,7.948117407094757,6.803303563941876,-5.401830490277659,6.134770276697021,1.9908279842511423
2019-11-01,2019,11,12550.707069954453,15450.299027943767,4173.099930432713,132803.03463325367,6081.040341308036,2890.9006748731763,2018.823011828434,-6.685972702023879,8.137343835832134,-6.183378817998064,3.733465471024111,2.0261734782984764,-4.931391987249734,-5.215288553273433
2019-12-01,2019,12,12011.829023015522,14970.418607261166,4309.859235331462,129208.0554224841,5742.294936552726,3021.7112742104723,1989.7551066102549,-7.810488099758173,8.197221488821071,-8.135070705980285,0.5857582889275292,-6.149283400463624,-1.5610095084838016,-5.29612659382167
2020-01-01,2020,1,12365.877423251224,15101.631927319708,4676.434554987103,135631.25827832942,6319.518639196081,2942.9946383683323,1872.985618466065,-0.9513789082019386,-1.0029617825324522,4.82222914780237,8.543091897102627,6.629020023611876,-10.279944618946635,-6.304740545814392
2020-02-01,2020,2,11897.642377449203,15472.619956445107,4340.927475521842,125513.47518135328,6129.47277398644,2890.02756496072,1946.427998931992,-5.109541843502585,9.41312515243451,-3.50828952094564,-3.091689647169027,-1.1673286241650538,-0.06463414240633902,5.750173959860461
2020-03-01,2020,3,12428.602148127951,15583.29810416704,4483.204899358728,117519.7132732816,5727.42478044486,3115.0424012022845,1855.0301588396017,-6.969696679033843,4.724260181184681,1.9583864054349975,-4.184334755754837,-7.652780790337532,1.3022196668666997,-12.639064514592835
2020-04-01,2020,4,12671.020261096452,15473.968310835222,4499.053119566841,124079.6437718432,6274.430245857906,2914.8520835106715,1987.6475526050665,1.1709951064868385,2.7102920486618887,5.491375327302039,0.8191050692924362,5.861810263211309,-9.446003055736341,6.341734918356856
2020-05-01,2020,5,13071.65662720574,14937.426951659088,4639.64274978182,128610.5924237638,5934.850259411324,2969.145614789875,2004.543578934567,2.49873435192296,0.6239709095269275,1.4920852416106634,-2.888338172878746,1.689089382978315,-0.8416760698654047,-3.3656580392047997
2020-06-01,2020,6,12405.722265768496,14728.03831755909,4212.113011868929,125975.8066385683,6276.550395604677,3115.1189004846483,2026.0841134415648,2.863264809059163,-2.4473628099870304,-5.155492180677834,-5.366016812456575,12.441940162780284,1.2341312870328913,-1.995114113323404
2020-07-01,2020,7,12448.802019653698,15028.908115184207,4566.833663427437,131140.79802037388,6187.937567886369,2943.2123231688192,1912.4511175261423,-1.1452474474227925,2.302066043863671,2.260665586552979,-3.2094935513687473,2.539133440181751,4.965689172778376,-2.6104223520264314
2020-08-01,2020,8,12398.121072827653,15493.782725509123,4825.049024634272,135085.51720672866,5924.708311780079,2955.31362605564,2109.9877677207965,-1.4499194797782722,-2.6492388210800577,10.229672036112426,8.190895149040545,2.9204605546356177,-6.063764102607216,7.310525697867942
2020-09-01,2020,9,12111.485004146252,15260.275624266244,4013.606210397263,131014.92607912004,6042.65775740479,2844.1076254713503,2152.559252341464,-7.784333665478971,-1.9448304190104904,-6.150103407745078,2.890452201069249,-2.4934561071244477,4.476176095918016,14.793805878397471
2020-10-01,2020,10,13250.104421711005,15738.864742144991,4361.149333139785,126312.19972920796,5908.123872045917,2969.444426731065,2032.939756385379,1.79390965757118,1.7152862034867766,-4.343705019964206,-1.9879114492911687,-3.7477872494510844,-5.746659649207453,-0.9648917268760937
2020-11-01,2020,11,12902.80436847846,14524.699896683787,4295.612980324655,124094.478831617,5896.271415819197,3141.784164942697,1818.564284034285,2.805398106748136,-5.99081693879141,2.935780401482946,-6.557497594603956,-3.0384426860930014,8.678384983964449,-9.919578220617565
2020-12-01,2020,12,12137.672778648666,14981.694277458737,4521.683811562014,134773.75299890878,5606.283244593276,2882.046412327761,2135.9329772999367,1.047665225604022,0.07531967203711076,4.914883866601771,4.307546892665459,-2.3685946727268092,-4.622045232273342,7.3465257208818135
2021-01-01,2021,1,12830.49265457306,14788.699616408305,4473.949209884355,129647.83652815768,6182.872175479928,3165.075981187444,2085.059341587717,3.7572362673450987,-2.072175460357306,-4.329908666995275,-4.41153597343551,-2.1622922807540856,7.546100829535973,11.322763027691352
2021-02-01,2021,2,11823.369442977852,15225.939710686032,4202.434941413664,129141.15575863888,5939.604398936377,3014.1847100724626,2129.7706069146,-0.6242659857731869,-1.5943017178310481,-3.1903904151618923,2.8902717991386995,-3.0976297970661815,4.296054010593142,9.419439510899362
2021-03-01,2021,3,12138.93796261903,14658.97356832177,4746.335656571174,128821.35676492208,6040.612666949519,2864.433418261429,1962.221778613859,-2.330625617077564,-5.931507757001075,5.869255657935324,9.616806556836565,5.468214747646738,-8.045122687387185,5.778430030555959
2021-04-01,2021,4,12806.48755330658,14902.806345225,4536.071846453886,132809.05987739767,5558.922638256251,3132.104126231101,1924.8206123816703,1.0691111640477091,-3.69111500125201,0.8228115095162414,7.035332984680442,-11.40354708818383,7.453278468208557,-3.1608692467159694
2021-05-01,2021,5,12098.737231855994,15507.081348645765,4287.449882339258,131891.1255683137,5788.165490448254,2960.614602942255,2029.1358666092765,-7.442969342729155,3.813604570788587,-7.590947976740758,2.5507488012657342,-2.471583318053583,-0.2873221106140855,1.2268272904189192
2021-06-01,2021,6,13123.35904033488,14481.861089146554,3971.554349546577,129758.52003311708,6187.749008553164,3181.8380485473435,2057.3756005561536,5.784723849143258,-1.67148688171892,-5.711116051361953,3.002730044350166,-1.4148119819717975,2.141784958908466,1.544431788739331
2021-07-01,2021,7,12338.040654064383,15362.632629986423,4383.549423438336,139500.36535404494,6272.113693818803,2829.554272968127,2080.92996404745,-0.8897351360753314,2.220550636443397,-4.013376739706908,6.374497837333837,1.3603260376976678,-3.8617006767055817,8.80957662014621
2021-08-01,2021,8,12431.005251415058,14923.293821228432,4639.487018192345,126371.2159664532,5870.997248954975,2885.1620884039144,1903.580310201731,0.26523517873586755,-3.682050499788103,-3.845805617612197,-6.4509515309028265,-0.9065604583150755,-2.3737425711177207,-9.782400669650626
2021-09-01,2021,9,12461.692877269214,14979.4402276307,4895.123212042051,132681.7108420541,6179.990168184137,2830.009035922105,1849.1219625597864,2.8915353732681837,-1.8403035669222856,21.963216006623032,1.2722098258693748,2.2727153562694724,-0.4957122375742973,-14.09658244954749
2021-10-01,2021,10,12249.457796526049,15576.545811940116,4410.945050182805,133421.3686329453,5878.472130125216,2840.284288918668,2025.9464002781997,-7.551990485036053,-1.031325529917182,1.141802613009113,5.628251997018641,-0.5018808434433364,-4.349639840021647,-0.34400213214451636
2021-11-01,2021,11,12574.555448354206,14827.718570940757,4145.908060635638,133241.80630794278,6298.762312995029,2944.7472674642586,2066.643053647306,-2.5440122220729555,2.0862301900375524,-3.4850653532968456,7.371260641448618,6.826193517753998,-6.271496930854004,13.641462762189803
2021-12-01,2021,12,12683.130177964726,14403.10624917642,4603.009887626257,122546.35923085448,6289.064925257313,3049.999152661411,1975.0680231878007,4.493920780889482,-3.86196659447825,1.7985794552085155,-9.072533409493545,12.17886522809053,5.827551548623333,-7.531367127234844
2022-01-01,2022,1,12815.434711468106,14573.582802264413,4500.76366624372,118459.86679396992,5583.266679728573,2891.106176699285,2016.967859112866,-0.11736059955255174,-1.4546026339274376,0.5993464633019085,-8.629507467143805,-9.697847193562792,-8.656026146499451,-3.265685590655709
2022-02-01,2022,2,12155.237944541554,14351.262020759816,4631.33645842897,127020.35014988866,5704.595753167977,3049.9060251609685,2163.468037221828,2.806885999496589,-5.744654888606582,10.206023959790977,-1.642238368002491,-3.9566380180215965,1.1851070363782412,1.58220937963105
2022-03-01,2022,3,12073.58434640872,14847.188464680874,4663.996549817205,125901.24659430169,5419.039745076563,2974.0481670169893,2129.385150180716,-0.5383800165349006,1.2839568574285476,-1.7347931691255813,-2.2667904173289455,-10.289898660012032,3.826751498454839,8.519086547135558
2022-04-01,2022,4,12110.421801562054,15357.363666194704,4812.676609432362,134913.444851266,5963.119372084237,2961.791997556581,2011.2793535426615,-5.435258878339411,3.050145794287573,6.097892016298512,1.5845191403440317,7.271134356976328,-5.43762665002644,4.491781759029045
2022-05-01,2022,5,13013.679060849208,14956.552117722447,4754.911883487298,128761.10015043024,6246.470318771541,2903.26043269419,2125.5359742946366,7.5622919273275135,-3.550179550527699,10.903031265125595,-2.373188798257886,7.9179634562901,-1.9372386460252633,4.750796103488453
2022-06-01,2022,6,12336.213500486756,14023.439179759827,4474.90126201054,126987.64539892516,6351.719046963651,2872.5111886849063,1890.057834929114,-5.99804926032138,-3.1654903093242037,12.67380144304029,-2.1354086294177343,2.6499141801620496,-9.721640609699145,-8.132582382225683
2022-07-01,2022,7,12447.936584693376,15476.086602812731,4404.609197180275,130520.43006590166,5924.176585043347,3198.4542831466924,2104.356032378708,0.8907081254655447,0.7385060592079551,0.48042742781306824,-6.437212738011588,-5.547366099539142,13.037389446910996,1.125749964486733
2022-08-01,2022,8,12964.21640007366,15946.998467883914,4524.168046090965,129486.8359069585,5951.155290464788,3015.299777456218,1890.9924513329436,4.289364680285246,6.859776795383188,-2.4855974733670294,2.465450630254584,1.3653224164613897,4.510585023120717,-0.6612728026932246
2022-09-01,2022,9,13061.964484188844,14727.35995472978,4506.508400026807,134815.5133085195,5704.949204472153,2925.662919015372,2069.9960614483707,4.8169346880194475,-1.6828417422163677,-7.938815739290228,1.608211450488084,-7.686759214563033,3.3799850770476425,11.944809664302646
2022-10-01,2022,10,12474.56679701368,14792.309022425212,4888.867825757676,129101.50487389878,6044.745782109254,2902.814513959386,1896.615017550827,1.8377058334081653,-5.0347284884801,10.834929252974113,-3.2377600404706275,2.828518164302274,2.20154810857065,-6.38375145115454
2022-11-01,2022,11,12513.003651009938,15659.148124220244,4366.384313104648,124785.17866751658,6152.259541143304,3086.410267040449,1994.6082245187351,-0.48949481830249386,5.607265536512918,5.317924306194266,-6.346827527151355,-2.3258977648588752,4.810701452766009,-3.4855960733732094
2022-12-01,2022,12,12196.990749179457,14648.56304190574,4728.964539734453,129491.511357951,6337.141563494587,3062.301381794809,1893.9752154369,-3.8329609643987794,1.7041934460724661,2.7363541505045497,5.667367166749648,0.7644481144437609,0.40335188692308677,-4.105823536144094
2023-01-01,2023,1,11927.498650336822,15526.84166331086,4245.088782407894,126576.88234651406,5579.252732120152,3000.0625739737075,2031.508059064392,-6.928645661443689,6.541005557661039,-5.6807000499363935,6.852122809374395,-0.07189245720599091,3.768675054294124,0.7208939838000861
2023-02-01,2023,2,12136.813469207871,14700.511502169877,4464.319073657276,137857.54913795154,6185.511520629661,3015.1918493849357,1923.7256346724143,-0.15157642670381444,2.4335802726258793,-3.6062459782580603,8.531860426517945,8.430321591054257,-1.1382047672829687,-11.081393319647736
2023-03-01,2023,3,12534.446101850246,14574.03143666154,4514.294645543651,125384.9694835903,6185.457043010193,2966.3456265532195,2044.30092597058,3.817108012158865,-1.8397895916060558,-3.209734455730273,-0.4100651301531699,14.143046258886628,-0.25899178598359773,-3.9957179283848787
2023-04-01,2023,4,12011.738512368132,15631.950140948373,4333.951330367457,130478.9952677534,6031.950579350381,2904.3745068901826,2185.5917808195823,-0.8148625275891885,1.7879792438470377,-9.947173224285466,-3.2868848530265504,1.1542818946132627,-1.9386064488582155,8.66674373054581
2023-05-01,2023,5,13199.152331243173,14377.553536330151,4851.690069270805,134662.2717364727,5882.122409798446,2974.573683481396,2176.586320382699,1.425217799876033,-3.8712035824501556,2.035330793817547,4.58303911596607,-5.832860645766258,2.4563160088614033,2.4017634472172755
2023-06-01,2023,6,12983.66473079298,14879.316476294098,4702.489283978402,131231.56887468396,6484.257290712934,3118.586092913045,1950.985031627777,5.24837893151473,6.10319113281117,5.085878070650618,3.341997138719077,2.086651546916918,8.566542932798704,3.223562558388493
2023-07-01,2023,7,12773.596041671295,14449.03703498243,4454.820763773598,135436.78391885725,5642.566282901195,2899.294319470144,1872.6528318795752,2.616172204623579,-6.636364826516528,1.139977790208202,3.7667312699423805,-4.753577110667617,-9.35326683432317,-11.01064634187503
2023-08-01,2023,8,12805.14609128391,15190.117106562033,4311.959409405287,123448.22645458343,6320.2479192558485,3170.945034994623,1915.9197751186816,-1.2269951679366065,-4.74623085244652,-4.6905560209911545,-4.663492941254699,6.202033231806903,5.161850198181983,1.3182138177318947
2023-09-01,2023,9,12737.549278320008,14878.553244774806,4794.041686407992,138564.68328538985,6165.448789003203,2943.30912462672,2040.249349064254,-2.483663205955977,1.0266150247551398,6.380400542013276,2.7809633215508,8.071931370923702,0.6031523828892382,-1.4370419798433343
2023-10-01,2023,10,13712.65459253562,16048.162095307256,4345.738841600944,133920.1833583284,5888.339199313871,2962.4684815006904,1892.8596791886596,9.924896115978378,8.489905605528957,-11.109504357945232,3.7324727462598517,-2.58747991120325,2.0550389029141636,-0.19800214210139444
2023-11-01,2023,11,12585.762478916022,14680.534771668614,4852.769682098876,135886.60045743268,6336.880166694532,3009.723849350271,2130.042809673513,0.5814657290554859,-6.249467370693007,11.139316517203035,8.89642656961309,3.000858860335387,-2.484647569673637,6.790034428312652
2023-12-01,2023,12,12679.72205798422,14663.24920808645,4565.931222825982,123052.60349075773,6463.006432805821,3023.454773440228,2033.0885386482084,3.957790234753089,0.10025670189421909,-3.4475478836562656,-4.972455568453693,1.9861457732976096,-1.2685429522228509,7.3450445432158284
2024-01-01,2024,1,12415.813427373056,14164.828157415068,4716.321508496199,137265.15180675776,6329.896167403779,2997.959948658836,2092.0346084098624,4.094025003494295,-8.771993270944222,11.100656552606036,8.444092840731955,13.454193085072475,-0.07008604864152668,2.9793900681519103
2024-02-01,2024,2,12962.423899071924,15208.029785229392,4720.121570479289,135994.2856779671,5758.06135058866,3007.247699755335,2025.2267966290167,6.8025304332038905,3.4523851975123643,5.729933111892338,-1.351586091320911,-6.910506408651685,-0.2634707848265583,5.27628057386087
2024-03-01,2024,3,11479.293855657632,14073.133259396778,4593.992703142538,130470.61433398689,6487.652326775014,2912.5895007133613,1999.216897145443,-8.418020530136229,-3.436922580012647,1.7654598083791884,4.056024315627527,4.885577276885522,-1.8122003504467132,-2.2053518761545488
2024-04-01,2024,4,12445.612049986388,14982.714406496596,4745.368558815912,136221.57226971682,6091.119133365554,2803.2463646456645,2087.6867044261344,3.6120794435502424,-4.153261292403199,9.492889907777835,4.401150537815823,0.9809190781126187,-3.481925006730613,-4.4795682914187225
2024-05-01,2024,5,12444.71239768964,14680.518470946276,4757.199383328889,133171.89620601689,6271.693112991985,3205.4128362368056,2027.3109142763628,-5.715821096842177,2.1072078351200174,-1.9475828957087105,-1.1067506223067514,6.622961510365566,7.76041131666434,-6.8582350586532055
2024-06-01,2024,6,12935.230106308336,15181.97403968125,4550.2720600602615,128625.72805684053,5622.418640984631,3001.8626606633006,1950.412783260452,-0.37304278482925834,2.0340824383253686,-3.2369499370631605,-1.9856813723928002,-13.29124695534013,-3.742831808138858,-0.02933125360001787
2024-07-01,2024,7,12148.747547884554,15600.97377526546,4789.961866047364,122277.21364493744,5691.567360971453,3140.3487481530888,1933.1417025743556,-4.891719542001316,7.9724118465063665,7.523110806143296,-9.716393060399287,0.8684182978717869,8.31424485138157,3.2301166380138913
2024-08-01,2024,8,12737.291056781884,15159.453017744663,4177.908220812934,135773.06577234075,5837.4229559117175,3104.5409957554966,1785.724653970299,-0.5299044151336418,-0.20186867949900655,-3.108823063129018,9.98381238169641,-7.63933582214571,-2.0941403432191197,-6.795436992674587
2024-09-01,2024,9,12789.311060797068,14212.19655930206,4624.628292055738,129349.85416843373,5986.269646300463,2822.068007945338,1936.6081151764224,0.406371597440347,-4.478638981291838,-3.5338323159052276,-6.650200396285055,-2.906181672002972,-4.119211117410504,-5.079831734065532
2024-10-01,2024,10,13101.247523495544,14454.870628405382,4718.737401035616,133533.6613740581,5605.548662629527,3117.3191409247283,1840.3044652552708,-4.458706845667148,-9.92818652652928,8.583087319100402,-0.28862115819844325,-4.802551740179917,5.227082090189716,-2.7764981478138773
2024-11-01,2024,11,11597.230440957575,14729.11497971336,4669.098033760972,127631.93332018748,5647.215199111561,2952.7872784836527,2008.3896780331304,-7.854367501487969,0.33091579292123807,-3.784882868343009,-6.074673374311857,-10.883351893061233,-1.8917539853003262,-5.711299842796558
2024-12-01,2024,12,12244.721188946409,14588.748384908786,4706.740949000994,128419.7991297762,6271.565519229338,2982.4811823715454,2055.7484688479485,-3.4306814222627047,-0.5080785446692104,3.083921314256255,4.361708315599833,-2.96210309500452,-1.3551911352740698,1.11455697914693
