date,construction,manufacturing,retail_trade,total_nonfarm,transportation_warehousing,year,month,manufacturing_yoy_pct,retail_trade_yoy_pct,transportation_warehousing_yoy_pct,construction_yoy_pct,total_nonfarm_yoy_pct,china_imports,export_price_index,import_price_index,manufacturing_ppi,steel_import_price,trade_balance,flag_bush_steel_tariffs,flag_trump_trade_war,flag_covid_supply_crisis,flag_tariff_escalation_2025,tariff_pressure_score
2000-01-01,6752.0,17284.0,15165.2,131011.0,4363.7,2000,1,,,,,,6902.1,99.2,97.8,130.8,103.1,-27131.0,0,0,0,0,0
2000-02-01,6730.0,17284.0,15174.1,131120.0,4372.8,2000,2,,,,,,6584.4,99.6,99.7,132.2,103.7,-29794.0,0,0,0,0,0
2000-03-01,6811.0,17302.0,15208.0,131604.0,4381.3,2000,3,,,,,,6424.1,100.0,99.9,132.9,104.4,-30557.0,0,0,0,0,0
2000-04-01,6794.0,17299.0,15281.9,131884.0,4386.5,2000,4,,,,,,7070.5,100.0,98.5,132.6,105.6,-28598.0,0,0,0,0,0
2000-05-01,6770.0,17278.0,15233.0,132105.0,4381.3,2000,5,,,,,,7850.2,100.2,98.8,133.1,106.0,-29165.0,0,0,0,0,0
2000-06-01,6778.0,17295.0,15243.2,132063.0,4391.8,2000,6,,,,,,8541.7,100.1,100.2,134.2,105.8,-30405.0,0,0,0,0,0
2000-07-01,6794.0,17322.0,15257.2,132228.0,4402.5,2000,7,,,,,,9246.4,100.0,100.2,133.9,105.7,-31252.0,0,0,0,0,0
2000-08-01,6796.0,17287.0,15279.7,132234.0,4420.0,2000,8,,,,,,10054.0,99.8,100.4,133.5,104.6,-29931.0,0,0,0,0,0
2000-09-01,6807.0,17229.0,15303.4,132337.0,4408.6,2000,9,,,,,,10061.7,100.4,101.6,134.7,104.3,-33333.0,0,0,0,0,0
2000-10-01,6814.0,17217.0,15308.3,132352.0,4420.1,2000,10,,,,,,10611.6,100.3,101.2,134.9,103.1,-33378.0,0,0,0,0,0
2000-11-01,6817.0,17202.0,15315.8,132556.0,4435.3,2000,11,,,,,,9066.8,100.3,101.2,134.9,101.8,-32723.0,0,0,0,0,0
2000-12-01,6792.0,17181.0,15362.5,132716.0,4462.9,2000,12,,,,,,7604.7,100.1,100.5,134.3,100.9,-33420.0,0,0,0,0,0
2001-01-01,6824.0,17105.0,15336.1,132703.0,4428.6,2001,1,-1.035639898171714,1.126922163901556,1.4872699773128328,1.0663507109004655,1.2914946073230515,8427.5,100.3,100.5,134.8,99.3,-35202.0,0,0,0,0,0
2001-02-01,6841.0,17030.0,15354.0,132788.0,4425.1,2001,2,-1.469567229807911,1.185572785206368,1.1960300036589766,1.649331352154526,1.27211714460036,6375.6,100.2,99.9,134.8,98.5,-29301.0,0,0,0,0,0
2001-03-01,6862.0,16938.0,15329.6,132751.0,4431.1,2001,3,-2.1038030285516096,0.7995791688584886,1.1366489398123791,0.7487887241227398,0.8715540561077262,7590.2,100.0,98.3,134.5,98.4,-32812.0,0,0,0,0,0
2001-04-01,6844.0,16802.0,15233.9,132458.0,4412.1,2001,4,-2.8729984392161345,-0.3140970690817202,0.5836087997264316,0.7359434795407793,0.4352309605410775,7686.8,99.9,97.8,135.6,97.6,-30521.0,0,0,0,0,0
2001-05-01,6849.0,16660.0,15237.6,132408.0,4408.1,2001,5,-3.5768028707026223,0.0301975973216128,0.611690594115899,1.1669128508124071,0.2293630066992236,7757.9,99.6,98.0,136.5,97.3,-27095.0,0,0,0,0,0
2001-06-01,6840.0,16513.0,15241.8,132300.0,4387.1,2001,6,-4.521538016767856,-0.0091844232182336,-0.1070176237533582,0.9147241074063172,0.1794598032757166,8398.2,99.4,97.6,135.8,96.9,-29151.0,0,0,0,0,0
2001-07-01,6845.0,16381.0,15180.5,132172.0,4390.3,2001,7,-5.432398106454217,-0.5027134729832516,-0.277115275411699,0.7506623491315922,-0.0423510905405821,8975.3,99.0,96.1,134.4,97.1,-29902.0,0,0,0,0,0
2001-08-01,6827.0,16233.0,15185.3,132021.0,4381.8,2001,8,-6.097067160293868,-0.6178131769602913,-0.8642533936651597,0.4561506768687495,-0.1610780888425034,10042.9,98.8,96.0,134.6,96.7,-28094.0,0,0,0,0,0
2001-09-01,6813.0,16116.0,15175.7,131763.0,4322.3,2001,9,-6.46003830750479,-0.834455088411723,-1.957537540262222,0.0881445570735994,-0.4337411305983973,9927.8,99.0,95.9,135.6,96.1,-30217.0,0,0,0,0,0
2001-10-01,6804.0,15973.0,15148.9,131452.0,4288.6,2001,10,-7.22541673926933,-1.0412651960047814,-2.975045813443133,-0.1467566774288276,-0.6800048355899424,10808.3,98.3,93.7,133.7,95.6,-30588.0,0,0,0,0,0
2001-11-01,6784.0,15825.0,15126.5,131144.0,4241.8,2001,11,-8.004883153121733,-1.235978531973514,-4.362726309381548,-0.484083907877364,-1.0652101753221288,8878.8,97.8,92.3,132.7,95.2,-30003.0,0,0,0,0,0
2001-12-01,6785.0,15712.0,15077.2,130983.0,4227.2,2001,12,-8.550142599383037,-1.8571196094385625,-5.2813193215173975,-0.1030624263839818,-1.3057958347147292,7409.1,97.6,91.4,131.6,94.7,-27488.0,0,0,0,0,0
2002-01-01,6775.0,15588.0,15039.8,130859.0,4205.5,2002,1,-8.868751826951183,-1.9320426966438764,-5.037709434132687,-0.7180539273153541,-1.3895691883378691,8415.4,97.5,91.6,131.7,94.1,-29678.0,0,0,0,0,0
2002-02-01,6766.0,15518.0,15043.5,130737.0,4211.6,2002,2,-8.878449794480325,-2.0222743259085574,-4.824749723170097,-1.0963309457681647,-1.5445672801759236,8020.8,97.3,91.6,132.0,94.1,-32501.0,0,0,0,0,0
2002-03-01,6755.0,15443.0,15051.6,130722.0,4201.8,2002,3,-8.826307710473491,-1.813485022440242,-5.174787298864847,-1.5593121538909904,-1.528425397925437,7259.0,97.6,92.8,132.8,95.4,-31161.0,1,0,0,0,1
2002-04-01,6710.0,15392.0,15049.2,130616.0,4202.0,2002,4,-8.391858112129514,-1.212427546458872,-4.761904761904767,-1.9579193454120405,-1.390629482552963,9097.6,98.0,94.3,133.8,96.2,-33965.0,1,0,0,0,1
2002-05-01,6684.0,15338.0,15029.6,130632.0,4206.8,2002,5,-7.935174069627848,-1.3650443639418253,-4.566593316848532,-2.4091108190976818,-1.3413086822548492,9846.9,98.0,94.4,133.5,97.7,-34026.0,1,0,0,0,1
2002-06-01,6701.0,15297.0,15018.6,130674.0,4214.8,2002,6,-7.3638951129413215,-1.4643939692162269,-3.927423582776779,-2.032163742690063,-1.2290249433106526,10727.2,98.0,94.1,133.6,99.5,-34732.0,1,0,0,0,1
2002-07-01,6688.0,15256.0,15016.5,130584.0,4228.2,2002,7,-6.867712593858744,-1.080333322354332,-3.692230599275681,-2.293644996347699,-1.2014647580425477,11213.2,98.3,94.5,133.6,101.1,-33913.0,1,0,0,0,1
2002-08-01,6701.0,15171.0,14971.2,130581.0,4232.1,2002,8,-6.542228793199034,-1.4099161689265172,-3.4164042174448794,-1.8456130071773824,-1.0907355647965078,12671.4,98.5,94.8,133.7,102.7,-36385.0,1,0,0,0,1
2002-09-01,6702.0,15119.0,14952.7,130502.0,4202.6,2002,9,-6.186398610076937,-1.46945445679606,-2.769358906137931,-1.6292382210480016,-0.9570213185795762,12291.5,98.8,95.5,135.0,104.8,-36088.0,1,0,0,0,1
2002-10-01,6689.0,15059.0,14958.1,130617.0,4213.2,2002,10,-5.722156138483692,-1.2594973892493757,-1.7581495126614888,-1.6901822457378035,-0.6352128533609225,11455.0,98.7,95.5,135.6,105.4,-35095.0,1,0,0,0,1
2002-11-01,6713.0,14992.0,14945.3,130616.0,4212.5,2002,11,-5.263823064770934,-1.197897729150832,-0.6907444952614528,-1.046580188679247,-0.4026108704935027,12569.6,98.8,94.6,134.6,105.1,-39515.0,1,0,0,0,1
2002-12-01,6700.0,14911.0,14957.2,130465.0,4211.8,2002,12,-5.098014256619143,-0.7959037487066611,-0.3643073429220211,-1.2527634487840775,-0.395471168014172,11625.0,98.6,95.2,134.0,104.7,-43607.0,1,0,0,0,1
2003-01-01,6704.0,14867.0,14939.1,130573.0,4197.0,2003,1,-4.625352835514496,-0.669556776020952,-0.2021162763048423,-1.0479704797047962,-0.2185558501898943,11403.497575,98.9,96.9,135.7,104.2,-41156.0,1,0,0,0,1
2003-02-01,6667.0,14780.0,14904.0,130441.0,4201.8,2003,2,-4.755767495811314,-0.9273107986838114,-0.2326906638807191,-1.4631983446644958,-0.2264087442728546,9629.62711,99.5,98.5,137.6,104.0,-40082.0,1,0,0,0,1
2003-03-01,6654.0,14721.0,14879.2,130235.0,4188.3,2003,3,-4.675257398173926,-1.1453931807914095,-0.3212908753391419,-1.4951887490747606,-0.3725463196707523,10110.044562,99.7,99.1,138.7,103.7,-43806.0,1,0,0,0,1
2003-04-01,6689.0,14608.0,14889.6,130173.0,4170.4,2003,4,-5.093555093555091,-1.0605214895143988,-0.7520228462636891,-0.3129657228017835,-0.339162124088932,11521.852382,99.6,96.0,136.3,103.8,-42037.0,1,0,0,0,1
2003-05-01,6706.0,14558.0,14881.1,130197.0,4166.4,2003,5,-5.085408788629553,-0.9880502475115738,-0.9603499096700664,0.3291442250149545,-0.3329965092779718,11884.701493,99.7,95.3,135.8,103.3,-41045.0,1,0,0,0,1
2003-06-01,6723.0,14493.0,14866.3,130186.0,4158.4,2003,6,-5.25593253579133,-1.0140758792430815,-1.3381417860871323,0.3283092075809568,-0.3734484289147022,12127.301429,99.5,96.2,136.3,102.9,-39696.0,1,0,0,0,1
2003-07-01,6735.0,14403.0,14854.4,130184.0,4150.3,2003,7,-5.591242789722073,-1.0794792395032116,-1.8423915614209307,0.7027511961722466,-0.3063162408870945,13438.63509,99.4,96.7,136.4,102.3,-41321.0,1,0,0,0,1
2003-08-01,6760.0,14376.0,14881.5,130153.0,4151.7,2003,8,-5.240261024322724,-0.5991503687079236,-1.8997660735805,0.8804656021489388,-0.3277659077507433,13764.867008,99.4,96.7,137.0,102.3,-39892.0,1,0,0,0,1
2003-09-01,6783.0,14346.0,14912.4,130252.0,4162.1,2003,9,-5.112772008730737,-0.2695165421629619,-0.9636891448151164,1.2085944494180767,-0.191567945318849,14747.525418,99.8,96.2,137.1,102.8,-41842.0,1,0,0,0,1
2003-10-01,6784.0,14334.0,14928.2,130439.0,4171.3,2003,10,-4.814396706288592,-0.1998916974749409,-0.9944934966296336,1.420242188667964,-0.1362762886913615,16458.317607,100.0,96.3,138.2,104.4,-41388.0,1,0,0,0,1
2003-11-01,6796.0,14316.0,14907.5,130480.0,4174.8,2003,11,-4.509071504802565,-0.2529223234060129,-0.8949554896142353,1.2364069715477433,-0.1041220064923131,14156.947961,100.5,96.8,137.7,105.3,-39898.0,1,0,0,0,1
2003-12-01,6827.0,14299.0,14901.3,130589.0,4161.6,2003,12,-4.10435249144927,-0.37373305164069,-1.1918894534403313,1.8955223880597003,0.0950446479898836,13192.779263,100.8,97.5,137.7,106.7,-44080.0,1,0,0,0,1
2004-01-01,6848.0,14291.0,14948.1,130756.0,4191.7,2004,1,-3.8743525929911926,0.0602445930477646,-0.1262806766738178,2.1479713603818507,0.1401514861418595,14089.015496,101.5,99.0,138.9,109.9,-44645.0,0,0,0,0,0
2004-02-01,6838.0,14279.0,14946.4,130821.0,4196.3,2004,2,-3.3897158322056864,0.2844873859366492,-0.1308962825455784,2.5648717564121792,0.291319447106364,11267.147675,102.2,99.4,139.3,116.0,-44552.0,0,0,0,0,0
2004-03-01,6887.0,14287.0,14994.6,131140.0,4213.0,2004,3,-2.94816928197813,0.7755793322221649,0.5897380798892016,3.501653140967842,0.6948976849541211,13800.119971,103.0,100.2,140.3,121.7,-46754.0,0,0,0,0,0
2004-04-01,6901.0,14315.0,15014.6,131412.0,4206.8,2004,4,-2.00575027382256,0.8395121427036356,0.8728179551122262,3.169382568395873,0.9518102832384524,14744.78415,103.7,100.4,141.8,129.8,-47283.0,0,0,0,0,0
2004-05-01,6948.0,14342.0,15029.6,131697.0,4219.7,2004,5,-1.4837202912488023,0.9979101007318024,1.2792818740399392,3.608708619147039,1.1521002788082768,15067.110923,104.1,101.9,143.3,136.3,-47553.0,0,0,0,0,0
2004-06-01,6962.0,14334.0,15053.4,131794.0,4234.3,2004,6,-1.0970813496170573,1.2585512198731277,1.8252212389380684,3.55496058307303,1.2351558539320573,16887.762591,103.4,101.7,142.9,134.8,-54169.0,0,0,0,0,0
2004-07-01,6977.0,14331.0,15037.3,131854.0,4244.0,2004,7,-0.4998958550301968,1.2312850064627234,2.2576681203768434,3.593170007423896,1.2827997296134708,17562.099879,103.9,102.1,143.2,138.6,-51606.0,0,0,0,0,0
2004-08-01,7003.0,14345.0,15038.1,131939.0,4250.3,2004,8,-0.2156371730662187,1.052313274871497,2.3749307512585194,3.5946745562130067,1.3722311433466805,18067.867052,103.4,103.6,143.7,144.4,-53647.0,0,0,0,0,0
2004-09-01,7029.0,14332.0,15062.7,132089.0,4262.6,2004,9,-0.0975881778893072,1.0078860545586377,2.414646452511948,3.6267138434321167,1.4103430273623374,18386.945745,103.8,104.1,144.2,148.1,-51686.0,0,0,0,0,0
2004-10-01,7077.0,14332.0,15090.7,132429.0,4271.9,2004,10,-0.0139528394028198,1.0885438297986385,2.411718169395627,4.318985849056611,1.5256173383727312,19718.157481,104.4,105.8,146.5,150.6,-55058.0,0,0,0,0,0
2004-11-01,7091.0,14306.0,15111.8,132503.0,4270.3,2004,11,-0.0698519139424425,1.370451115210458,2.287534732202734,4.340788699234843,1.5504291845493512,19678.992143,104.7,105.5,146.1,153.0,-58967.0,0,0,0,0,0
2004-12-01,7117.0,14285.0,15104.1,132630.0,4288.1,2004,12,-0.0979089446814462,1.3609550844557283,3.0396962706651376,4.247839460963809,1.5629187757008722,17412.030829,104.8,104.0,145.0,153.8,-54918.0,0,0,0,0,0
2005-01-01,7095.0,14257.0,15124.4,132781.0,4297.2,2005,1,-0.2379119725701484,1.179414106140575,2.516878593410788,3.60689252336448,1.5486861023585874,17885.84061,105.6,104.6,146.2,157.4,-56189.0,0,0,0,0,0
2005-02-01,7153.0,14272.0,15164.4,133034.0,4310.5,2005,2,-0.049023040829188,1.4585452015200897,2.7214450825727488,4.6066101199180975,1.6916244333860853,16937.594812,105.7,105.5,147.0,157.9,-58094.0,0,0,0,0,0
2005-03-01,7181.0,14268.0,15165.9,133154.0,4320.3,2005,3,-0.132988031077208,1.142411268056498,2.546878708758604,4.268912443734574,1.5357633063901144,16184.944952,106.4,107.8,148.9,153.2,-53134.0,0,0,0,0,0
2005-04-01,7266.0,14249.0,15215.2,133520.0,4335.5,2005,4,-0.4610548375829526,1.336032927950126,3.059332509270707,5.28908853789305,1.6041153014945353,18148.45816,106.9,108.8,149.6,151.3,-57312.0,0,0,0,0,0
2005-05-01,7294.0,14255.0,15232.1,133689.0,4345.2,2005,5,-0.6066099567703209,1.3473412466066923,2.9741450814039005,4.979850316637879,1.512562928540517,19053.18688,106.7,107.9,149.4,147.1,-56040.0,0,0,0,0,0
2005-06-01,7333.0,14227.0,15266.2,133948.0,4345.9,2005,6,-0.746476908050786,1.4136341291668408,2.6356186382636926,5.328928468830796,1.6343687876534618,20976.701857,106.7,109.2,149.6,141.5,-58152.0,0,0,0,0,0
2005-07-01,7353.0,14225.0,15307.7,134300.0,4358.4,2005,7,-0.7396552927220745,1.7981951547152877,2.6955702167766216,5.3891357316898425,1.8550821363022771,21272.66946,106.8,110.5,151.0,139.3,-58301.0,0,0,0,0,0
2005-08-01,7394.0,14200.0,15323.9,134502.0,4363.4,2005,8,-1.0108051585918432,1.900506047971473,2.660988636096273,5.583321433671284,1.942564366866506,22421.292348,106.6,112.1,151.8,133.7,-58745.0,0,0,0,0,0
2005-09-01,7415.0,14173.0,15297.6,134552.0,4366.5,2005,9,-1.1094055260954527,1.5594813678822428,2.437479472622339,5.491535068999864,1.864651863516276,23294.481679,107.5,114.4,154.2,136.1,-64882.0,0,0,0,0,0
2005-10-01,7460.0,14189.0,15294.6,134641.0,4373.3,2005,10,-0.9977672341613176,1.3511632992505351,2.37365106861116,5.411897696764156,1.6703290064864929,24382.852726,108.3,114.5,156.6,140.6,-67265.0,0,0,0,0,0
2005-11-01,7524.0,14184.0,15325.6,134997.0,4386.5,2005,11,-0.8527890395638171,1.4147884434680291,2.7211202959979364,6.106331970102952,1.882221534606754,22426.128316,107.6,112.3,152.7,146.1,-63859.0,0,0,0,0,0
2005-12-01,7533.0,14189.0,15331.2,135159.0,4391.3,2005,12,-0.6720336016800887,1.5035652571156133,2.4066602924372127,5.84515947730786,1.9068084143858852,20485.952995,107.7,112.3,152.8,146.1,-64568.0,0,0,0,0,0
2006-01-01,7601.0,14208.0,15318.9,135427.0,4407.9,2006,1,-0.3436908185452725,1.2860014281558252,2.5760960625523577,7.131782945736442,1.9927549875358608,21382.505907,108.5,113.7,154.1,149.8,-66967.0,0,0,0,0,0
2006-02-01,7664.0,14208.0,15325.6,135733.0,4418.1,2006,2,-0.4484304932735439,1.0630160111841036,2.496230135715116,7.143855724870685,2.028804666476236,17905.353467,108.6,112.8,153.5,149.7,-62308.0,0,0,0,0,0
2006-03-01,7689.0,14210.0,15351.8,136038.0,4417.8,2006,3,-0.406504065040647,1.2257762480301082,2.2567877230747824,7.074223645731803,2.1659131531910347,20531.25833,108.8,112.7,155.0,149.8,-62397.0,0,0,0,0,0
2006-04-01,7726.0,14223.0,15317.0,136210.0,4433.3,2006,4,-0.1824689451891403,0.6690677743309337,2.255795179333409,6.330856041838695,2.014679448771717,21459.069933,109.6,115.1,157.2,151.3,-62603.0,0,0,0,0,0
2006-05-01,7713.0,14200.0,15285.6,136249.0,4445.8,2006,5,-0.3858295334970174,0.3512319378155437,2.315198379821415,5.744447491088556,1.9148920255219304,22317.635131,110.4,117.2,158.5,153.4,-64818.0,0,0,0,0,0
2006-06-01,7699.0,14210.0,15297.4,136337.0,4451.3,2006,6,-0.1194911084557492,0.2043730594385007,2.425274396557686,4.99113596072549,1.7835279362140577,23989.699396,111.2,117.3,159.5,159.9,-63800.0,0,0,0,0,0
2006-07-01,7712.0,14185.0,15298.9,136529.0,4465.7,2006,7,-0.2811950790861162,-0.057487408297796,2.461912628487517,4.8823609411124735,1.6597170513775072,24632.010765,111.6,118.2,159.4,167.5,-66909.0,0,0,0,0,0
2006-08-01,7720.0,14154.0,15301.6,136692.0,4465.3,2006,8,-0.3239436619718261,-0.1455243116960991,2.3353348306366817,4.40898025426022,1.6282285765267357,26713.335235,112.1,118.8,159.8,169.7,-68277.0,0,0,0,0,0
2006-09-01,7718.0,14120.0,15304.8,136826.0,4474.5,2006,9,-0.3739504692020001,0.0470662064637528,2.4733768464445305,4.086311530681042,1.6900529163446087,27570.617915,111.7,116.2,156.8,174.5,-65095.0,0,0,0,0,0
2006-10-01,7682.0,14068.0,15338.6,136843.0,4484.0,2006,10,-0.8527732750722383,0.2876832346056845,2.5312692932110803,2.9758713136729176,1.6354602238545457,29388.601739,111.4,113.3,155.9,176.5,-59538.0,0,0,0,0,0
2006-11-01,7666.0,14034.0,15374.0,137060.0,4496.1,2006,11,-1.0575296108291,0.3158114527326727,2.49857517382881,1.88729399255716,1.528182107750542,27775.079221,111.8,113.8,156.4,167.9,-58939.0,0,0,0,0,0
2006-12-01,7685.0,14009.0,15375.3,137249.0,4516.5,2006,12,-1.268588343082666,0.2876487163431251,2.8510919317741745,2.0177883977167133,1.5463269186661632,24109.185573,112.5,115.1,156.9,167.5,-61882.0,0,0,0,0,0
2007-01-01,7725.0,14004.0,15411.5,137472.0,4518.0,2007,1,-1.4358108108108114,0.6044820450554544,2.4977880623426207,1.631364294171811,1.5100386185915582,25640.562672,113.0,113.7,156.4,163.5,-58014.0,0,0,0,0,0
2007-02-01,7626.0,13993.0,15440.3,137560.0,4519.1,2007,2,-1.5132319819819773,0.7484209427363275,2.286050564722397,-0.4958246346555284,1.346024916564148,23038.880362,113.9,114.1,157.7,166.5,-58479.0,0,0,0,0,0
2007-03-01,7706.0,13964.0,15498.8,137784.0,4522.5,2007,3,-1.7311752287121784,0.9575424380202868,2.3699578975960867,0.2210950708804837,1.2834649142151378,22723.044235,114.7,115.9,160.1,170.3,-62183.0,0,0,0,0,0
2007-04-01,7686.0,13939.0,15477.4,137847.0,4525.0,2007,4,-1.996765801870215,1.047202454788798,2.068436604786505,-0.5177323323841576,1.2018207180089613,24241.522773,115.2,117.5,162.2,177.8,-60494.0,0,0,0,0,0
2007-05-01,7673.0,13922.0,15494.4,137992.0,4526.4,2007,5,-1.9577464788732344,1.3659915214319307,1.8129470511493828,-0.5186049526772929,1.2792754442234378,25290.574442,115.5,118.6,163.8,181.0,-59572.0,0,0,0,0,0
2007-06-01,7687.0,13903.0,15478.7,138070.0,4524.9,2007,6,-2.1604503870513714,1.1851687214820883,1.6534495540628358,-0.1558643979737595,1.2711149577884218,27070.961198,116.0,120.0,163.7,181.2,-59997.0,0,0,0,0,0
2007-07-01,7660.0,13881.0,15483.2,138044.0,4527.9,2007,7,-2.143108917870995,1.2046617730686604,1.3928387486844107,-0.6742738589211594,1.1096543591471386,28601.170814,116.1,121.5,164.9,180.2,-60246.0,0,0,0,0,0
2007-08-01,7610.0,13821.0,15484.0,138013.0,4524.0,2007,8,-2.3526918185671875,1.1920322057823896,1.314581327122477,-1.4248704663212486,0.9664062271383944,28424.501435,116.3,121.1,163.0,172.1,-57214.0,0,0,0,0,0
2007-09-01,7577.0,13784.0,15492.7,138099.0,4546.0,2007,9,-2.379603399433428,1.2277194082902287,1.5979439043468435,-1.8268981601451184,0.9303787291889076,29418.96253,116.7,121.8,163.7,168.3,-58158.0,0,0,0,0,0
2007-10-01,7565.0,13756.0,15485.8,138175.0,4541.4,2007,10,-2.217799260733577,0.9596703740888834,1.2801070472792109,-1.5230408747721969,0.9733782509883548,31555.406402,117.6,123.6,164.5,165.1,-57666.0,0,0,0,0,0
2007-11-01,7523.0,13751.0,15549.8,138290.0,4538.6,2007,11,-2.016531281174294,1.1434890074151216,0.9452636729610164,-1.865379598225936,0.89741718955203,29780.718791,118.7,127.5,168.0,168.4,-60682.0,0,0,0,0,0
2007-12-01,7490.0,13739.0,15544.7,138395.0,4536.0,2007,12,-1.927332429152684,1.1017671199911705,0.431750249086682,-2.537410540013008,0.8349787612295989,25656.56128,119.3,127.3,166.9,169.9,-58290.0,0,0,0,0,0
2008-01-01,7476.0,13717.0,15525.5,138391.0,4537.8,2008,1,-2.0494144530134206,0.7397073613859773,0.4382470119521864,-3.223300970873788,0.6684997672253168,26193.032145,120.7,129.2,168.5,171.5,-61339.0,0,0,0,0,0
2008-02-01,7453.0,13690.0,15490.6,138329.0,4541.6,2008,2,-2.165368398484957,0.3257708723276131,0.4978867473611981,-2.268554943613954,0.5590287874382094,24095.886455,121.8,129.5,169.6,173.1,-64225.0,0,0,0,0,0
2008-03-01,7406.0,13650.0,15479.9,138259.0,4542.4,2008,3,-2.2486393583500464,-0.121944924768369,0.4400221116638958,-3.8930703348040496,0.3447424955002054,22440.24177,123.8,133.5,173.4,182.1,-60200.0,0,0,0,0,0
2008-04-01,7327.0,13589.0,15396.7,138040.0,4546.8,2008,4,-2.5109405265800966,-0.5214054040084126,0.4817679558011045,-4.6708300806661445,0.1400103012760611,25951.666996,124.4,137.3,175.3,194.9,-63733.0,0,0,0,0,0
2008-05-01,7274.0,13555.0,15334.0,137851.0,4535.2,2008,5,-2.636115500646463,-1.035212722015688,0.1944149876281331,-5.200052130848432,-0.1021798365122617,27634.532443,124.8,141.2,179.4,213.5,-62310.0,0,0,0,0,0
2008-06-01,7213.0,13494.0,15310.0,137700.0,4522.6,2008,6,-2.9418111199021824,-1.0898848094478275,-0.0508298525934147,-6.166254715753872,-0.2679800101397789,27930.640534,126.1,145.5,182.0,227.5,-60889.0,0,0,0,0,0
2008-07-01,7160.0,13419.0,15270.2,137497.0,4517.4,2008,7,-3.3282904689863835,-1.3756846129998943,-0.2318955807327882,-6.5274151436031325,-0.3962504708643566,31247.270669,128.0,147.5,185.6,232.3,-66989.0,0,0,0,0,0
2008-08-01,7114.0,13348.0,15209.3,137211.0,4500.4,2008,8,-3.422328340930469,-1.774089382588484,-0.5216622458001807,-6.517739816031543,-0.5811046785447749,31823.697889,125.9,143.0,182.6,237.6,-62394.0,0,0,0,0,0
2008-09-01,7044.0,13267.0,15143.5,136760.0,4464.8,2008,9,-3.7507254788160194,-2.253964770504824,-1.7861856577210733,-7.034446350798474,-0.9695942765697074,33078.730631,124.9,137.8,182.9,231.2,-60292.0,0,0,0,0,0
2008-10-01,6967.0,13138.0,15081.9,136291.0,4450.0,2008,10,-4.4925850537947065,-2.608195895594667,-2.0125952349495657,-7.9048248512888275,-1.3634883300162826,34032.388283,122.3,129.6,176.8,208.3,-60879.0,0,0,0,0,0
2008-11-01,6813.0,13026.0,14953.1,135541.0,4409.1,2008,11,-5.272343829539672,-3.837348390332984,-2.8533027805931366,-9.43772431210953,-1.987851616168923,28265.02503,118.4,120.0,169.4,191.3,-45132.0,0,0,0,0,0
2008-12-01,6701.0,12842.0,14847.5,134847.0,4382.2,2008,12,-6.528859451197322,-4.485129979993186,-3.390652557319229,-10.534045393858484,-2.563676433397155,25079.514978,115.8,114.5,164.1,167.0,-43967.0,0,0,0,0,0
2009-01-01,6567.0,12552.0,14763.8,134079.0,4358.5,2009,1,-8.493110738499677,-4.906122186080964,-3.951253911587116,-12.15890850722311,-3.1158095540894992,24743.457402,116.6,113.0,164.7,159.1,-39343.0,0,0,0,0,0
2009-02-01,6446.0,12371.0,14680.6,133318.0,4334.5,2009,2,-9.634769905040176,-5.228977573496185,-4.560066936762386,-13.51133771635583,-3.6225231151819193,18845.49521,116.3,113.0,163.9,152.3,-28778.0,0,0,0,0,0
2009-03-01,6291.0,12196.0,14594.3,132494.0,4301.0,2009,3,-10.652014652014651,-5.720967189710535,-5.314371257485018,-15.055360518498516,-4.169710470927757,21224.713513,115.5,113.6,162.9,148.4,-30193.0,0,0,0,0,0
2009-04-01,6154.0,12017.0,14530.6,131822.0,4255.3,2009,4,-11.568180145706089,-5.625231380750417,-6.411102313715144,-16.009280742459396,-4.504491451753112,21920.595248,116.1,114.8,164.2,138.3,-30473.0,0,0,0,0,0
2009-05-01,6100.0,11850.0,14514.9,131466.0,4237.4,2009,5,-12.578384360014748,-5.341724272857706,-6.566413829599583,-16.139675556777565,-4.631812609266528,22734.147846,116.6,116.8,165.8,135.0,-25839.0,0,0,0,0,0
2009-06-01,6010.0,11713.0,14501.7,131008.0,4219.8,2009,6,-13.198458574181116,-5.27955584585238,-6.695263786317607,-16.67821988077083,-4.859840232389256,23972.774237,117.8,120.0,168.4,136.6,-27152.0,0,0,0,0,0
2009-07-01,5932.0,11654.0,14446.8,130662.0,4198.2,2009,7,-13.15299202623146,-5.392201804822472,-7.066011422499663,-17.150837988826815,-4.97101754947381,25671.084409,117.4,119.3,167.1,140.1,-33307.0,0,0,0,0,0
2009-08-01,5855.0,11612.0,14438.7,130472.0,4187.8,2009,8,-13.005693736889423,-5.066636860342022,-6.946049240067542,-17.697497891481582,-4.911413807930853,25798.119656,118.1,121.1,169.4,145.7,-31674.0,0,0,0,0,0
2009-09-01,5787.0,11580.0,14406.6,130246.0,4179.5,2009,9,-12.715760910529884,-4.86611417439825,-6.389983873857741,-17.844974446337314,-4.76308862240421,27893.916592,117.9,121.3,168.6,151.8,-35247.0,0,0,0,0,0
2009-10-01,5716.0,11527.0,14358.2,130061.0,4163.8,2009,10,-12.262140356218598,-4.79846703664657,-6.431460674157297,-17.956078656523612,-4.571101540087019,29557.782865,117.9,122.3,168.9,158.1,-34959.0,0,0,0,0,0
2009-11-01,5696.0,11498.0,14340.4,130057.0,4158.3,2009,11,-11.73038538307999,-4.09747811490594,-5.688235694359401,-16.395126963158667,-4.0460082189153095,27541.720775,118.9,124.1,170.7,153.9,-38381.0,0,0,0,0,0
2009-12-01,5654.0,11465.0,14309.1,129808.0,4108.4,2009,12,-10.722628874007167,-3.626199696918675,-6.248003286020721,-15.624533651693772,-3.736827663945064,26470.075735,119.7,124.4,170.8,154.1,-39426.0,0,0,0,0,0
2010-01-01,5580.0,11447.0,14358.8,129802.0,4129.0,2010,1,-8.803377947737411,-2.743196196101272,-5.265573018240222,-15.029693924166288,-3.18991042594291,25215.919006,120.7,125.9,173.1,158.8,-37744.0,0,0,0,0,0
2010-02-01,5500.0,11439.0,14357.8,129706.0,4129.4,2010,2,-7.533748282273056,-2.1988202117079747,-4.731802976121823,-14.675767918088734,-2.709311570830641,23342.777514,120.3,125.8,172.2,164.7,-41504.0,0,0,0,0,0
2010-03-01,5537.0,11439.0,14392.2,129866.0,4140.8,2010,3,-6.206953099376844,-1.3847872114455595,-3.724715182515692,-11.985375933873788,-1.983486044651084,24292.213197,121.2,126.3,173.9,170.3,-40271.0,0,0,0,0,0
2010-04-01,5553.0,11475.0,14388.3,130120.0,4147.1,2010,4,-4.510277107431138,-0.9793126230162597,-2.542711442201484,-9.766005849853752,-1.2911350153995582,25920.188141,122.5,127.7,175.2,179.0,-41496.0,0,0,0,0,0
2010-05-01,5520.0,11511.0,14396.5,130642.0,4158.3,2010,5,-2.860759493670884,-0.8157135081881317,-1.8667107188370056,-9.50819672131148,-0.6267780262577349,29052.438345,123.1,126.7,176.1,186.5,-42088.0,0,0,0,0,0
2010-06-01,5516.0,11529.0,14399.4,130510.0,4175.2,2010,6,-1.570904123623329,-0.7054345352613955,-1.056922129010862,-8.219633943427617,-0.3801294577430392,32843.100035,122.2,125.2,174.8,189.2,-47316.0,0,0,0,0,0
2010-07-01,5508.0,11546.0,14402.2,130415.0,4192.6,2010,7,-0.9267204393341388,-0.3087188858432177,-0.1333905006907554,-7.14767363452461,-0.1890373635793141,33266.833594,122.0,125.2,174.7,180.2,-41609.0,0,0,0,0,0
2010-08-01,5524.0,11538.0,14414.1,130415.0,4188.9,2010,8,-0.6372717878057155,-0.1703754493133091,0.0262667749175937,-5.6532877882152,-0.0436875344901555,35375.288431,123.0,125.7,175.3,173.5,-45619.0,0,0,0,0,0
2010-09-01,5501.0,11549.0,14420.3,130341.0,4206.3,2010,9,-0.2677029360967142,0.0950953035414148,0.6412250269171027,-4.942111629514434,0.0729389002349423,35196.698854,123.7,125.7,175.5,173.5,-44333.0,0,0,0,0,0
2010-10-01,5508.0,11548.0,14462.1,130620.0,4216.4,2010,10,0.1821809664266593,0.7236283099552931,1.26326912916086,-3.638908327501744,0.4297983254011539,35083.299437,124.7,127.1,177.3,175.1,-40646.0,0,0,0,0,0
2010-11-01,5506.0,11571.0,14446.3,130749.0,4225.3,2010,11,0.6348930248738949,0.7384731248779586,1.611235360604102,-3.33567415730337,0.5320743981485077,34564.293893,126.6,129.2,178.2,174.7,-38739.0,0,0,0,0,0
2010-12-01,5467.0,11579.0,14444.5,130830.0,4250.1,2010,12,0.9943305713039584,0.9462509871340564,3.449031253042567,-3.3073929961089488,0.7873166522864627,30799.583148,127.5,131.0,179.1,175.9,-41721.0,0,0,0,0,0
2011-01-01,5427.0,11606.0,14491.0,130837.0,4217.3,2011,1,1.389010221018605,0.920689751232695,2.138532332283849,-2.741935483870972,0.7973682994098619,31377.353746,129.1,133.0,181.1,181.4,-48123.0,0,0,0,0,0
2011-02-01,5451.0,11637.0,14518.2,131057.0,4248.2,2011,2,1.730920535011804,1.1171627965287367,2.8769312733084806,-0.8909090909090867,1.041586356837776,27244.735813,130.8,135.3,183.3,193.0,-44753.0,0,0,0,0,0
2011-03-01,5477.0,11659.0,14537.9,131283.0,4258.7,2011,3,1.9232450389019995,1.012353913925601,2.847275888717138,-1.083619288423332,1.0911246977654,27599.666857,132.7,139.3,187.3,197.7,-44312.0,0,0,0,0,0
2011-04-01,5485.0,11689.0,14602.8,131597.0,4277.4,2011,4,1.864923747276692,1.4907946039490527,3.141954618890286,-1.224563299117598,1.135106055948354,29580.282706,133.8,142.9,190.2,201.5,-42685.0,0,0,0,0,0
2011-05-01,5516.0,11697.0,14604.3,131703.0,4285.6,2011,5,1.6158457127964487,1.443406383495982,3.061347185147789,-0.0724637681159379,0.8121431086480557,32788.071613,134.3,143.1,191.9,201.5,-47725.0,0,0,0,0,0
2011-06-01,5528.0,11710.0,14637.7,131931.0,4301.5,2011,6,1.5699540289704217,1.6549300665305466,3.0250047901897004,0.2175489485134241,1.0888054555206583,34374.830793,134.5,142.2,191.1,199.2,-49882.0,0,0,0,0,0
2011-07-01,5547.0,11729.0,14676.0,131992.0,4303.8,2011,7,1.5849644898666249,1.9010984432933808,2.652292133759482,0.7080610021786393,1.2092167312042434,35152.243254,134.0,142.4,191.7,199.7,-46070.0,0,0,0,0,0
2011-08-01,5552.0,11748.0,14677.7,132125.0,4310.6,2011,8,1.8200728029121205,1.828764889934153,2.905297333428836,0.5068790731354023,1.3111988651612227,37374.136523,134.6,141.9,190.7,200.0,-45052.0,0,0,0,0,0
2011-09-01,5584.0,11752.0,14686.2,132344.0,4315.9,2011,9,1.7577279418131475,1.8439283510051971,2.6056153864441267,1.508816578803862,1.53673824813374,36418.64286,135.3,141.7,191.5,199.7,-43477.0,0,0,0,0,0
2011-10-01,5588.0,11762.0,14698.8,132553.0,4324.1,2011,10,1.8531347419466604,1.636691766755849,2.554311735129522,1.452432824981842,1.479865258000301,37824.071703,132.6,141.2,190.2,197.8,-45509.0,0,0,0,0,0
2011-11-01,5593.0,11753.0,14715.2,132690.0,4328.2,2011,11,1.5728977616454864,1.8613762693561853,2.4353300357371044,1.5800944424264385,1.4845237822086688,36764.911636,132.7,142.2,190.6,196.6,-47460.0,0,0,0,0,0
2011-12-01,5611.0,11783.0,14707.2,132888.0,4328.3,2011,12,1.761810173590117,1.8186853127488023,1.8399567069010023,2.633985732577271,1.573033707865168,32872.285127,132.1,142.2,189.6,196.1,-49473.0,0,0,0,0,0
2012-01-01,5626.0,11820.0,14766.5,133246.0,4346.3,2012,1,1.843873858349121,1.9011800427851664,3.0588291086714348,3.666850930532517,1.8412222842162371,34417.54042,132.5,142.2,191.1,196.3,-50126.0,0,0,0,0,0
2012-02-01,5629.0,11841.0,14760.1,133509.0,4372.2,2012,2,1.7530291312193969,1.666184513231661,2.9188832917470986,3.265455879655099,1.8709416513425392,28105.186419,133.1,142.2,192.1,198.2,-42780.0,0,0,0,0,0
2012-03-01,5625.0,11880.0,14776.3,133748.0,4377.0,2012,3,1.895531349172308,1.639851697975625,2.7778430037335378,2.70220923863429,1.8776231499889608,31431.348931,134.1,144.2,194.3,196.3,-49749.0,0,0,0,0,0
2012-04-01,5618.0,11897.0,14784.0,133825.0,4364.9,2012,4,1.7794507656771374,1.2408579176596213,2.0456351989526445,2.424794895168647,1.693047713853657,33016.253834,134.7,144.1,194.7,196.3,-46842.0,0,0,0,0,0
2012-05-01,5604.0,11908.0,14791.9,133932.0,4397.5,2012,5,1.8038813370949924,1.2845531795430132,2.6110696285234214,1.595358955765036,1.6924443634541264,34937.829923,134.0,142.0,193.6,195.2,-45106.0,0,0,0,0,0
2012-06-01,5621.0,11918.0,14772.6,134013.0,4397.7,2012,6,1.7762596071733583,0.9215928731972856,2.2364291526211666,1.6823444283646791,1.5780976419492054,35949.359451,131.7,138.7,191.7,189.9,-42941.0,0,0,0,0,0
2012-07-01,5632.0,11944.0,14762.5,134157.0,4409.9,2012,7,1.833063347258923,0.5893976560370717,2.46526325572749,1.532359834144592,1.6402509242984475,37930.755206,132.2,137.7,191.2,186.0,-42406.0,0,0,0,0,0
2012-08-01,5648.0,11940.0,14773.7,134339.0,4422.2,2012,8,1.634320735444339,0.6540534279894095,2.5889667331693733,1.729106628242083,1.675685903500468,37280.629144,133.4,139.4,193.5,180.7,-44030.0,0,0,0,0,0
2012-09-01,5661.0,11934.0,14801.0,134517.0,4426.1,2012,9,1.5486725663716785,0.7816862088218857,2.553349243494996,1.378939828080239,1.641933143927954,37891.823059,134.5,140.8,195.4,183.7,-38794.0,0,0,0,0,0
2012-10-01,5674.0,11941.0,14817.1,134669.0,4436.6,2012,10,1.5218500255058665,0.8048276049745562,2.6016974630558964,1.539012168933418,1.5963425950374477,40257.083524,134.6,141.2,195.1,179.5,-41467.0,0,0,0,0,0
2012-11-01,5684.0,11930.0,14895.5,134825.0,4428.1,2012,11,1.505998468476144,1.2252636729368271,2.3081188484820547,1.6270337922402955,1.6090134900896835,39543.693182,133.8,140.2,192.6,177.4,-45332.0,0,0,0,0,0
2012-12-01,5724.0,11939.0,14865.1,135074.0,4463.7,2012,12,1.3239412713230925,1.073623803307222,3.1282489661067725,2.013901265371598,1.6449942808981932,34857.579544,133.6,139.4,191.8,179.1,-36334.0,0,0,0,0,0
2013-01-01,5746.0,11962.0,14887.8,135257.0,4465.0,2013,1,1.2013536379018586,0.8214539667490639,2.731058601569148,2.1329541414859543,1.5092385512510686,37193.658803,134.1,140.1,192.6,179.1,-40135.0,0,0,0,0,0
2013-02-01,5784.0,11974.0,14912.7,135546.0,4463.3,2013,2,1.1232159445992762,1.0338683342253852,2.0836192305933032,2.753597441819156,1.52573983776374,32742.677585,135.1,141.3,195.2,177.6,-41004.0,0,0,0,0,0
2013-03-01,5802.0,11977.0,14912.3,135689.0,4456.9,2013,3,0.8164983164983264,0.9203927911588085,1.82545122229838,3.1466666666666754,1.4512366540060384,27294.067203,134.4,141.2,194.5,176.9,-34314.0,0,0,0,0,0
2013-04-01,5796.0,11978.0,14922.3,135873.0,4471.4,2013,4,0.6808439102294672,0.9354707792207816,2.439918440284994,3.1683873264506834,1.5303568092658315,33131.926306,133.6,140.2,194.0,177.6,-38487.0,0,0,0,0,0
2013-05-01,5829.0,11978.0,14953.8,136096.0,4467.5,2013,5,0.5878401074907558,1.0945179456324006,1.5918135304149983,4.014989293361881,1.6157453035869018,36617.62364,132.9,139.4,194.0,174.9,-41701.0,0,0,0,0,0
2013-06-01,5855.0,11982.0,15001.3,136279.0,4471.8,2013,6,0.5370028528276505,1.5481364147137189,1.684971689746928,4.16296032734389,1.690880735451028,35885.978832,132.8,138.8,193.9,175.1,-34426.0,0,0,0,0,0
2013-07-01,5859.0,11962.0,15046.1,136391.0,4463.9,2013,7,0.1507032819825893,1.9210838272650357,1.224517562756522,4.030539772727271,1.6652131457918662,38800.430628,132.6,138.9,194.0,175.6,-36356.0,0,0,0,0,0
2013-08-01,5878.0,11992.0,15091.6,136646.0,4479.8,2013,8,0.4355108877721836,2.151796773997039,1.3025191081362353,4.072237960339953,1.7172972852261823,39161.299515,131.9,139.4,194.6,175.3,-36617.0,0,0,0,0,0
2013-09-01,5910.0,12010.0,15119.1,136821.0,4506.2,2013,9,0.6368359309535832,2.149179109519639,1.8097196177221384,4.398516163222044,1.7127946653582748,40144.392508,132.4,139.8,194.3,174.3,-39917.0,0,0,0,0,0
2013-10-01,5931.0,12033.0,15146.2,137041.0,4512.2,2013,10,0.7704547357842761,2.2210823980401084,1.7040075733669724,4.529432499118791,1.7613556200758884,41845.472131,131.6,138.9,193.7,176.6,-36285.0,0,0,0,0,0
2013-11-01,5963.0,12054.0,15175.8,137317.0,4529.8,2013,11,1.039396479463539,1.8817763754153785,2.2966960999074137,4.9085151301900165,1.8483218987576544,40112.279565,131.8,137.7,192.7,178.9,-33983.0,0,0,0,0,0
2013-12-01,5932.0,12060.0,15231.0,137372.0,4541.2,2013,12,1.0134852165172958,2.461470154926637,1.7362277930864425,3.6338225017470194,1.701289663443739,37500.212876,132.3,137.8,193.2,180.0,-33636.0,0,0,0,0,0
2014-01-01,5985.0,12058.0,15214.9,137561.0,4561.9,2014,1,0.8025413810399673,2.1971009820121123,2.1702127659574355,4.159415245388098,1.703423852369923,38377.19956,132.7,138.3,194.2,181.4,-37433.0,0,0,0,0,0
2014-02-01,6007.0,12084.0,15189.6,137712.0,4556.8,2014,2,0.9186570903624514,1.8568066144963649,2.094862545650078,3.855463347164601,1.5979814970563444,30700.352329,133.7,139.8,195.2,182.1,-40119.0,0,0,0,0,0
2014-03-01,6038.0,12096.0,15217.9,137985.0,4572.6,2014,3,0.9935710111046214,2.0493149950041367,2.595974780677168,4.067562909341604,1.6921047395146216,31420.875281,134.9,140.5,196.2,180.6,-42940.0,0,0,0,0,0
2014-04-01,6084.0,12109.0,15255.9,138298.0,4586.5,2014,4,1.0936717315077615,2.235580305985008,2.574137853916003,4.968944099378891,1.7847548813965997,36450.218795,133.5,139.7,197.5,182.1,-43735.0,0,0,0,0,0
2014-05-01,6109.0,12120.0,15265.1,138513.0,4614.8,2014,5,1.1855067623977256,2.081745108266797,3.297146054840528,4.803568365071187,1.7759522689865914,38188.13577,133.7,140.1,197.2,183.3,-39575.0,0,0,0,0,0
2014-06-01,6133.0,12146.0,15306.0,138849.0,4634.0,2014,6,1.3687197462860956,2.031157299700692,3.627174739478512,4.748078565328773,1.885837142920033,39607.118661,133.0,140.5,197.2,183.7,-38895.0,0,0,0,0,0
2014-07-01,6178.0,12165.0,15329.1,139072.0,4661.5,2014,7,1.6970406286574091,1.8808860767906663,4.426622460180574,5.4446151220344685,1.965672221774173,40319.618346,133.1,140.1,197.4,184.6,-38935.0,0,0,0,0,0
2014-08-01,6210.0,12182.0,15338.0,139269.0,4676.2,2014,8,1.584389593062041,1.632696334384698,4.384124291263003,5.648179652943175,1.9195585673931204,40093.817085,132.4,139.0,197.4,185.2,-36935.0,0,0,0,0,0
2014-09-01,6242.0,12201.0,15367.6,139563.0,4690.1,2014,9,1.590341382181526,1.643616352825239,4.081043895077907,5.617597292724197,2.004078321310332,45102.77541,131.9,137.9,196.8,185.4,-41672.0,0,0,0,0,0
2014-10-01,6259.0,12233.0,15404.8,139798.0,4710.0,2014,10,1.6620959029336024,1.707358941516679,4.383670936571971,5.530264710841348,2.011806685590445,45335.351722,130.7,136.0,194.8,184.5,-41067.0,0,0,0,0,0
2014-11-01,6272.0,12260.0,15430.1,140089.0,4732.6,2014,11,1.7089762734362024,1.6756941973405048,4.477018852929504,5.1819553915814165,2.0186866884653654,42483.529438,129.5,133.5,192.7,183.1,-39808.0,0,0,0,0,0
2014-12-01,6293.0,12266.0,15444.4,140364.0,4760.5,2014,12,1.7081260364842477,1.401089882476536,4.829120056372771,6.085637221847606,2.178027545642492,40395.902459,128.3,130.1,189.1,180.9,-42838.0,0,0,0,0,0
2015-01-01,6320.0,12265.0,15462.0,140568.0,4769.8,2015,1,1.716702604080278,1.6240658827859633,4.557311646463114,5.597326649958223,2.185939328734165,38589.696731,126.1,126.0,185.0,178.0,-38865.0,0,0,0,0,0
2015-02-01,6361.0,12275.0,15478.7,140827.0,4786.0,2015,2,1.58060244952003,1.9032759256333296,5.02984550561798,5.89312468786416,2.261967003601728,31563.988155,125.9,125.5,185.4,173.0,-33903.0,0,0,0,0,0
2015-03-01,6334.0,12286.0,15509.6,140923.0,4799.0,2015,3,1.5707671957671865,1.91682163767668,4.951231246992949,4.902285525008288,2.129216943870716,41136.91753,125.9,125.3,186.2,169.1,-48732.0,0,0,0,0,0
2015-04-01,6392.0,12291.0,15522.1,141196.0,4805.9,2015,4,1.5030142868940557,1.7448986949311518,4.78360405537992,5.062458908612766,2.095474988792323,36121.394467,125.1,125.1,185.7,163.7,-39836.0,0,0,0,0,0
2015-05-01,6427.0,12306.0,15557.3,141538.0,4828.1,2015,5,1.534653465346536,1.9141702314429576,4.622085464158787,5.205434604681614,2.183910535473199,39082.029905,125.7,126.5,188.2,160.2,-38502.0,0,0,0,0,0
2015-06-01,6441.0,12307.0,15567.8,141709.0,4855.2,2015,6,1.3255392721883696,1.7104403501894572,4.773413897280965,5.022012065873138,2.059791572139513,41453.839795,125.3,126.6,188.9,159.7,-42425.0,0,0,0,0,0
2015-07-01,6472.0,12323.0,15582.8,141991.0,4878.6,2015,7,1.2988080558980597,1.6550221474189497,4.657299152633287,4.758821625121401,2.09891279337322,41215.078176,124.8,125.4,188.5,159.0,-40340.0,0,0,0,0,0
2015-08-01,6490.0,12318.0,15589.2,142125.0,4889.4,2015,8,1.116401247742571,1.6377624201330043,4.559257516787141,4.508856682769724,2.0507076233763355,44138.055272,123.0,123.2,187.0,157.4,-44205.0,0,0,0,0,0
2015-09-01,6508.0,12326.0,15579.8,142275.0,4898.4,2015,9,1.0245061880173711,1.380827194877532,4.441269908957146,4.261454661967323,1.9432084434986447,45724.951242,122.3,121.9,184.3,155.1,-41641.0,0,0,0,0,0
2015-10-01,6547.0,12334.0,15619.3,142579.0,4898.8,2015,10,0.8256355759012513,1.3924231408392274,4.008492569002131,4.601374021409166,1.98929884547705,44309.93252,122.0,121.5,183.7,151.6,-40873.0,0,0,0,0,0
2015-11-01,6598.0,12329.0,15625.5,142808.0,4914.7,2015,11,0.562805872756944,1.2663560184315026,3.8477792334023375,5.197704081632648,1.94090899356838,41884.774152,121.1,120.8,182.9,146.0,-40451.0,0,0,0,0,0
2015-12-01,6630.0,12333.0,15630.8,143077.0,4946.0,2015,12,0.5462253383335947,1.2069099479423029,3.896649511605932,5.35515652312093,1.9328317802285389,37980.997419,119.8,119.3,180.8,142.1,-41003.0,0,0,0,0,0
2016-01-01,6631.0,12354.0,15664.8,143210.0,4914.5,2016,1,0.725642070933552,1.311602638727205,3.0336701748501005,4.92088607594936,1.8795173866029249,37126.43412,118.7,117.8,179.7,139.7,-40044.0,0,0,0,0,0
2016-02-01,6640.0,12337.0,15715.1,143406.0,4930.3,2016,2,0.5050916496945002,1.527260041217926,3.0150438779774413,4.386102814022963,1.831324958992231,36066.892525,118.2,117.2,178.7,138.6,-43306.0,0,0,0,0,0
2016-03-01,6678.0,12313.0,15769.3,143662.0,4948.9,2016,3,0.2197623311085861,1.674446794243556,3.1235674098770483,5.431007262393428,1.9436145980429087,29812.326908,118.1,117.7,179.3,138.7,-36801.0,0,0,0,0,0
2016-04-01,6702.0,12325.0,15767.2,143854.0,4964.8,2016,4,0.2766251728907321,1.579038918703013,3.306352608252361,4.849812265331654,1.882489588940195,32920.204539,118.7,118.5,180.5,142.7,-38048.0,0,0,0,0,0
2016-05-01,6689.0,12303.0,15772.9,143900.0,4979.9,2016,5,-0.0243783520234019,1.3858445874284089,3.1440939500010145,4.076552046055704,1.6688097895971366,37513.726589,120.0,119.9,181.9,148.1,-39032.0,0,0,0,0,0
2016-06-01,6701.0,12321.0,15790.0,144147.0,4984.1,2016,6,0.1137563987974266,1.427305078431118,2.6548854836052183,4.036640273249503,1.720427072380715,38539.190214,120.9,120.7,183.6,151.6,-41719.0,0,0,0,0,0
2016-07-01,6735.0,12342.0,15805.2,144520.0,5009.2,2016,7,0.1541832346019678,1.4272146212490844,2.676997499282563,4.063658838071693,1.7810988020367402,39438.857738,121.1,120.8,183.4,154.6,-39931.0,0,0,0,0,0
2016-08-01,6736.0,12319.0,15822.3,144661.0,5035.8,2016,8,0.0081182010066571,1.4952659533523205,2.994232421155973,3.790446841294304,1.7843447669305237,43221.774205,120.1,120.5,182.5,157.6,-40146.0,0,0,0,0,0
2016-09-01,6768.0,12317.0,15829.4,144967.0,5030.8,2016,9,-0.0730163881226708,1.6020744810588017,2.7029234035603533,3.995082974800246,1.892110349674936,42020.928547,120.5,120.6,183.0,156.0,-37004.0,0,0,0,0,0
2016-10-01,6799.0,12316.0,15830.8,145065.0,5047.4,2016,10,-0.1459380574023061,1.3540939734815185,3.0333959336980465,3.849091186803122,1.743594779034785,43798.098424,120.7,121.2,183.7,154.0,-38555.0,0,0,0,0,0
2016-11-01,6823.0,12311.0,15785.8,145183.0,5064.8,2016,11,-0.1459972422743094,1.0258871716104956,3.0541029971310696,3.4101242800848697,1.663072096801299,42602.631733,120.8,121.1,183.2,153.5,-43896.0,0,0,0,0,0
2016-12-01,6818.0,12324.0,15818.6,145408.0,5096.9,2016,12,-0.0729749452687889,1.2014740128464485,3.0509502628386587,2.8355957767722373,1.6291926724770531,39358.926061,121.3,121.6,183.9,155.4,-40976.0,0,0,0,0,0
2017-01-01,6840.0,12334.0,15872.6,145628.0,5081.9,2017,1,-0.1618908855431478,1.3265410346764872,3.406246820632819,3.151862464183375,1.6884295789400203,41335.553396,121.6,122.3,185.6,159.6,-43556.0,0,0,0,0,0
2017-02-01,6881.0,12350.0,15851.4,145846.0,5098.9,2017,2,0.1053740779768164,0.8673186934858856,3.4196702026245696,3.629518072289151,1.701462979233792,32784.957412,122.0,122.7,186.2,163.4,-39785.0,0,0,0,0,0
2017-03-01,6902.0,12361.0,15822.1,145970.0,5112.9,2017,3,0.3898318849995918,0.3348277983169945,3.313867728182029,3.3542976939203277,1.6065487045982874,34161.993661,122.1,122.5,186.7,166.1,-41124.0,0,0,0,0,0
2017-04-01,6916.0,12367.0,15804.0,146175.0,5131.5,2017,4,0.3407707910750401,0.2333959104977356,3.357637769900101,3.1930766935243104,1.613441405869831,37441.870879,122.4,122.8,187.6,167.3,-44227.0,0,0,0,0,0
2017-05-01,6931.0,12377.0,15785.7,146380.0,5161.6,2017,5,0.6014793139884622,0.0811518490575702,3.648667643928616,3.617880101659443,1.7234190410006844,41756.844722,121.7,122.7,187.3,170.3,-43985.0,0,0,0,0,0
2017-06-01,6962.0,12390.0,15778.0,146583.0,5176.8,2017,6,0.5600194789384005,-0.0759974667511098,3.8662948175197,3.894941053574086,1.6899415180336774,42258.078621,121.6,122.4,187.6,171.5,-42579.0,0,0,0,0,0
2017-07-01,6968.0,12390.0,15769.3,146772.0,5186.3,2017,7,0.3889158969372808,-0.2271404347936267,3.535494689770835,3.459539717891613,1.5582618322723452,43561.110857,122.2,122.2,187.3,175.2,-43854.0,0,0,0,0,0
2017-08-01,7002.0,12435.0,15762.8,146919.0,5198.8,2017,8,0.9416348729604618,-0.3760515222186456,3.2368243377417727,3.9489311163895424,1.5608906339649176,45782.311949,122.9,122.9,188.4,168.6,-41391.0,0,0,0,0,0
2017-09-01,7013.0,12443.0,15755.6,147008.0,5229.8,2017,9,1.0229763741170794,-0.4662210822899082,3.955633298878914,3.619976359338062,1.407906627025457,45405.051275,123.9,123.9,189.6,171.0,-41593.0,0,0,0,0,0
2017-10-01,7031.0,12457.0,15748.5,147149.0,5247.3,2017,10,1.144852224748294,-0.5198726533087394,3.960454887664944,3.412266509780859,1.436597387378069,48133.149629,124.0,124.1,190.2,169.3,-42848.0,0,0,0,0,0
2017-11-01,7068.0,12472.0,15781.5,147372.0,5257.7,2017,11,1.3077735358622444,-0.0272396710968014,3.8086400252724575,3.590795837608085,1.507752285047137,48104.793415,124.6,125.3,191.2,167.3,-45463.0,0,0,0,0,0
2017-12-01,7091.0,12501.0,15740.7,147523.0,5281.9,2017,12,1.436222005842258,-0.4924582453567305,3.629657242637685,4.004106776180705,1.4545279489436511,44439.382241,124.7,125.5,191.3,168.3,-46535.0,0,0,0,0,0
2018-01-01,7093.0,12527.0,15705.1,147660.0,5290.3,2018,1,1.5647802821469048,-1.0552776482743886,4.100828430311498,3.698830409356724,1.3953360617463773,45681.310362,125.6,126.5,192.6,169.3,-46993.0,0,0,0,0,0
2018-02-01,7184.0,12551.0,15753.0,148054.0,5314.3,2018,2,1.6275303643724648,-0.6207653582648853,4.2244405656121975,4.403429734050279,1.5139256476008889,38956.173961,125.8,126.8,193.5,174.6,-48714.0,0,0,0,0,0
2018-03-01,7194.0,12576.0,15771.1,148280.0,5353.1,2018,3,1.7393414772267637,-0.3223339506133849,4.697920945060541,4.23065778035352,1.5825169555388152,38273.829291,126.3,126.5,194.0,177.7,-43514.0,0,1,0,0,1
2018-04-01,7212.0,12595.0,15770.6,148420.0,5373.2,2018,4,1.8436160750384007,-0.2113389015439115,4.710123745493511,4.279930595720072,1.5358303403454787,38227.767574,126.9,127.1,195.3,182.0,-46306.0,0,1,0,0,1
2018-05-01,7274.0,12623.0,15786.1,148742.0,5404.2,2018,5,1.9875575664539011,0.0025339389447376,4.700092994420313,4.948780839705669,1.6136084164503297,43866.578304,127.8,128.2,197.7,188.9,-41635.0,0,1,0,0,1
2018-06-01,7292.0,12656.0,15739.8,148960.0,5425.5,2018,6,2.1468926553672274,-0.2421092660666812,4.804126101066286,4.740017236426319,1.621606871192438,44524.005052,128.0,128.2,198.4,192.9,-44928.0,0,1,0,0,1
2018-07-01,7318.0,12676.0,15723.2,149020.0,5433.4,2018,7,2.3083131557707803,-0.2923401799699299,4.764475637737875,5.022962112514362,1.531627285858339,47009.750007,127.4,128.1,198.5,196.5,-49560.0,0,1,0,0,1
2018-08-01,7347.0,12688.0,15725.1,149277.0,5468.1,2018,8,2.0345798150382066,-0.2391707057121772,5.180041548049563,4.927163667523571,1.6049660016743903,47796.194112,127.3,127.6,198.6,200.4,-49301.0,0,1,0,0,1
2018-09-01,7375.0,12710.0,15684.5,149358.0,5488.6,2018,9,2.145784778590376,-0.4512681205412705,4.948563998623268,5.161842292884633,1.5985524597300849,49938.049895,127.3,127.7,198.9,203.5,-50245.0,0,1,0,0,1
2018-10-01,7389.0,12731.0,15641.5,149527.0,5516.9,2018,10,2.1995665087902294,-0.6794297869638366,5.1378804337468775,5.091736595078933,1.6160490387294502,52081.070497,127.9,128.3,200.4,202.2,-52160.0,0,1,0,0,1
2018-11-01,7386.0,12741.0,15685.5,149617.0,5536.1,2018,11,2.1568313021167462,-0.6083071951335395,5.295091009376729,4.4991511035653575,1.523355861357656,46344.570969,126.9,126.2,198.4,205.2,-49143.0,0,1,0,0,1
2018-12-01,7396.0,12761.0,15635.3,149809.0,5521.6,2018,12,2.079833613310944,-0.6696017330868442,4.538139684583209,4.301226907347333,1.5495888776665412,45814.858502,126.1,124.4,195.2,203.9,-54997.0,0,1,0,0,1
2019-01-01,7425.0,12790.0,15617.4,150060.0,5587.6,2019,1,2.099465155264624,-0.5584173294025607,5.619719108557164,4.680671084167498,1.6253555465258085,41302.50818,125.3,124.6,194.3,201.7,-48785.0,0,1,0,0,1
2019-02-01,7395.0,12782.0,15586.7,150067.0,5571.9,2019,2,1.8404907975460016,-1.0556719355043431,4.847298797583877,2.937082405345204,1.3596390506166678,33027.758098,126.1,125.9,195.4,195.3,-47570.0,0,1,0,0,1
2019-03-01,7425.0,12788.0,15574.1,150295.0,5584.7,2019,3,1.6857506361323216,-1.2491202262365997,4.326465038949379,3.2110091743119185,1.358915565147023,31078.662933,127.0,126.6,197.4,195.7,-48154.0,0,1,0,0,1
2019-04-01,7468.0,12785.0,15571.6,150591.0,5617.2,2019,4,1.5085351329892749,-1.2618416547246158,4.541055609320321,3.54963948973932,1.4627408705026212,34499.454932,127.1,126.8,199.2,191.8,-49769.0,0,1,0,0,1
2019-05-01,7478.0,12778.0,15554.2,150618.0,5639.1,2019,5,1.2279172938287175,-1.469013879298875,4.346619296103049,2.804509210888084,1.2612443022145703,39023.881706,126.7,127.0,199.1,189.3,-51047.0,0,1,0,0,1
2019-06-01,7502.0,12787.0,15533.2,150838.0,5675.2,2019,6,1.0350821744627092,-1.3125960939783132,4.602340798083127,2.8798683488754806,1.2607411385606948,38732.97518,126.0,125.6,197.0,184.6,-48703.0,0,1,0,0,1
2019-07-01,7526.0,12790.0,15533.3,150937.0,5687.8,2019,7,0.8993373303881391,-1.2077694108069692,4.682151139249835,2.842306641158787,1.2864045094618248,41237.166159,126.2,125.6,197.5,178.8,-48436.0,0,1,0,0,1
2019-08-01,7530.0,12789.0,15516.7,151169.0,5695.8,2019,8,0.7960277427490503,-1.3252697916070422,4.164152082076034,2.490812576561852,1.267442405728958,40955.642945,125.5,124.9,196.4,175.5,-48676.0,0,1,0,0,1
2019-09-01,7547.0,12787.0,15526.5,151365.0,5710.2,2019,9,0.6058221872541347,-1.0073639580477578,4.037459461429127,2.332203389830512,1.3437512553730049,39866.673154,125.1,125.0,195.9,174.2,-44400.0,0,1,0,0,1
2019-10-01,7553.0,12733.0,15527.2,151460.0,5717.5,2019,10,0.015709685020826,-0.730748329763764,3.636099983686503,2.2195154960075847,1.2927431166277703,39794.889454,125.1,124.5,196.6,171.9,-41305.0,0,1,0,0,1
2019-11-01,7541.0,12777.0,15509.6,151667.0,5735.9,2019,11,0.282552389922297,-1.121417870007324,3.609038854066937,2.098564852423501,1.3701651550291682,36172.914882,125.2,124.7,196.5,167.0,-38786.0,0,1,0,0,1
2019-12-01,7527.0,12760.0,15550.1,151794.0,5760.3,2019,12,-0.0078363764595246,-0.5449207882163964,4.323022312373226,1.7712276906435953,1.325020526136611,33418.149084,125.0,125.0,196.4,163.7,-43639.0,0,1,0,0,1
