series,year,period,value
CES3000000001,2019,M12,12760
CES3000000001,2019,M11,12777
CES3000000001,2019,M10,12733
CES3000000001,2019,M09,12787
CES3000000001,2019,M08,12789
CES3000000001,2019,M07,12790
CES3000000001,2019,M06,12787
CES3000000001,2019,M05,12778
CES3000000001,2019,M04,12785
CES3000000001,2019,M03,12788
CES3000000001,2019,M02,12782
CES3000000001,2019,M01,12790
CES3000000001,2018,M12,12761
CES3000000001,2018,M11,12741
CES3000000001,2018,M10,12731
CES3000000001,2018,M09,12710
CES3000000001,2018,M08,12688
CES3000000001,2018,M07,12676
CES3000000001,2018,M06,12656
CES3000000001,2018,M05,12623
CES3000000001,2018,M04,12595
CES3000000001,2018,M03,12576
CES3000000001,2018,M02,12551
CES3000000001,2018,M01,12527
CES3000000001,2017,M12,12501
CES3000000001,2017,M11,12472
CES3000000001,2017,M10,12457
CES3000000001,2017,M09,12443
CES3000000001,2017,M08,12435
CES3000000001,2017,M07,12390
CES3000000001,2017,M06,12390
CES3000000001,2017,M05,12377
CES3000000001,2017,M04,12367
CES3000000001,2017,M03,12361
CES3000000001,2017,M02,12350
CES3000000001,2017,M01,12334
CES3000000001,2016,M12,12324
CES3000000001,2016,M11,12311
CES3000000001,2016,M10,12316
CES3000000001,2016,M09,12317
CES3000000001,2016,M08,12319
CES3000000001,2016,M07,12342
CES3000000001,2016,M06,12321
CES3000000001,2016,M05,12303
CES3000000001,2016,M04,12325
CES3000000001,2016,M03,12313
CES3000000001,2016,M02,12337
CES3000000001,2016,M01,12354
CES3000000001,2015,M12,12333
CES3000000001,2015,M11,12329
CES3000000001,2015,M10,12334
CES3000000001,2015,M09,12326
CES3000000001,2015,M08,12318
CES3000000001,2015,M07,12323
CES3000000001,2015,M06,12307
CES3000000001,2015,M05,12306
CES3000000001,2015,M04,12291
CES3000000001,2015,M03,12286
CES3000000001,2015,M02,12275
CES3000000001,2015,M01,12265
CES3000000001,2014,M12,12266
CES3000000001,2014,M11,12260
CES3000000001,2014,M10,12233
CES3000000001,2014,M09,12201
CES3000000001,2014,M08,12182
CES3000000001,2014,M07,12165
CES3000000001,2014,M06,12146
CES3000000001,2014,M05,12120
CES3000000001,2014,M04,12109
CES3000000001,2014,M03,12096
CES3000000001,2014,M02,12084
CES3000000001,2014,M01,12058
CES3000000001,2013,M12,12060
CES3000000001,2013,M11,12054
CES3000000001,2013,M10,12033
CES3000000001,2013,M09,12010
CES3000000001,2013,M08,11992
CES3000000001,2013,M07,11962
CES3000000001,2013,M06,11982
CES3000000001,2013,M05,11978
CES3000000001,2013,M04,11978
CES3000000001,2013,M03,11977
CES3000000001,2013,M02,11974
CES3000000001,2013,M01,11962
CES3000000001,2012,M12,11939
CES3000000001,2012,M11,11930
CES3000000001,2012,M10,11941
CES3000000001,2012,M09,11934
CES3000000001,2012,M08,11940
CES3000000001,2012,M07,11944
CES3000000001,2012,M06,11918
CES3000000001,2012,M05,11908
CES3000000001,2012,M04,11897
CES3000000001,2012,M03,11880
CES3000000001,2012,M02,11841
CES3000000001,2012,M01,11820
CES3000000001,2011,M12,11783
CES3000000001,2011,M11,11753
CES3000000001,2011,M10,11762
CES3000000001,2011,M09,11752
CES3000000001,2011,M08,11748
CES3000000001,2011,M07,11729
CES3000000001,2011,M06,11710
CES3000000001,2011,M05,11697
CES3000000001,2011,M04,11689
CES3000000001,2011,M03,11659
CES3000000001,2011,M02,11637
CES3000000001,2011,M01,11606
CES3000000001,2010,M12,11579
CES3000000001,2010,M11,11571
CES3000000001,2010,M10,11548
CES3000000001,2010,M09,11549
CES3000000001,2010,M08,11538
CES3000000001,2010,M07,11546
CES3000000001,2010,M06,11529
CES3000000001,2010,M05,11511
CES3000000001,2010,M04,11475
CES3000000001,2010,M03,11439
CES3000000001,2010,M02,11439
CES3000000001,2010,M01,11447
CES3000000001,2009,M12,11465
CES3000000001,2009,M11,11498
CES3000000001,2009,M10,11527
CES3000000001,2009,M09,11580
CES3000000001,2009,M08,11612
CES3000000001,2009,M07,11654
CES3000000001,2009,M06,11713
CES3000000001,2009,M05,11850
CES3000000001,2009,M04,12017
CES3000000001,2009,M03,12196
CES3000000001,2009,M02,12371
CES3000000001,2009,M01,12552
CES3000000001,2008,M12,12842
CES3000000001,2008,M11,13026
CES3000000001,2008,M10,13138
CES3000000001,2008,M09,13267
CES3000000001,2008,M08,13348
CES3000000001,2008,M07,13419
CES3000000001,2008,M06,13494
CES3000000001,2008,M05,13555
CES3000000001,2008,M04,13589
CES3000000001,2008,M03,13650
CES3000000001,2008,M02,13690
CES3000000001,2008,M01,13717
CES3000000001,2007,M12,13739
CES3000000001,2007,M11,13751
CES3000000001,2007,M10,13756
CES3000000001,2007,M09,13784
CES3000000001,2007,M08,13821
CES3000000001,2007,M07,13881
CES3000000001,2007,M06,13903
CES3000000001,2007,M05,13922
CES3000000001,2007,M04,13939
CES3000000001,2007,M03,13964
CES3000000001,2007,M02,13993
CES3000000001,2007,M01,14004
CES3000000001,2006,M12,14009
CES3000000001,2006,M11,14034
CES3000000001,2006,M10,14068
CES3000000001,2006,M09,14120
CES3000000001,2006,M08,14154
CES3000000001,2006,M07,14185
CES3000000001,2006,M06,14210
CES3000000001,2006,M05,14200
CES3000000001,2006,M04,14223
CES3000000001,2006,M03,14210
CES3000000001,2006,M02,14208
CES3000000001,2006,M01,14208
CES3000000001,2005,M12,14189
CES3000000001,2005,M11,14184
CES3000000001,2005,M10,14189
CES3000000001,2005,M09,14173
CES3000000001,2005,M08,14200
CES3000000001,2005,M07,14225
CES3000000001,2005,M06,14227
CES3000000001,2005,M05,14255
CES3000000001,2005,M04,14249
CES3000000001,2005,M03,14268
CES3000000001,2005,M02,14272
CES3000000001,2005,M01,14257
CES3000000001,2004,M12,14285
CES3000000001,2004,M11,14306
CES3000000001,2004,M10,14332
CES3000000001,2004,M09,14332
CES3000000001,2004,M08,14345
CES3000000001,2004,M07,14331
CES3000000001,2004,M06,14334
CES3000000001,2004,M05,14342
CES3000000001,2004,M04,14315
CES3000000001,2004,M03,14287
CES3000000001,2004,M02,14279
CES3000000001,2004,M01,14291
CES3000000001,2003,M12,14299
CES3000000001,2003,M11,14316
CES3000000001,2003,M10,14334
CES3000000001,2003,M09,14346
CES3000000001,2003,M08,14376
CES3000000001,2003,M07,14403
CES3000000001,2003,M06,14493
CES3000000001,2003,M05,14558
CES3000000001,2003,M04,14608
CES3000000001,2003,M03,14721
CES3000000001,2003,M02,14780
CES3000000001,2003,M01,14867
CES3000000001,2002,M12,14911
CES3000000001,2002,M11,14992
CES3000000001,2002,M10,15059
CES3000000001,2002,M09,15119
CES3000000001,2002,M08,15171
CES3000000001,2002,M07,15256
CES3000000001,2002,M06,15297
CES3000000001,2002,M05,15338
CES3000000001,2002,M04,15392
CES3000000001,2002,M03,15443
CES3000000001,2002,M02,15518
CES3000000001,2002,M01,15588
CES3000000001,2001,M12,15712
CES3000000001,2001,M11,15825
CES3000000001,2001,M10,15973
CES3000000001,2001,M09,16116
CES3000000001,2001,M08,16233
CES3000000001,2001,M07,16381
CES3000000001,2001,M06,16513
CES3000000001,2001,M05,16660
CES3000000001,2001,M04,16802
CES3000000001,2001,M03,16938
CES3000000001,2001,M02,17030
CES3000000001,2001,M01,17105
CES3000000001,2000,M12,17181
CES3000000001,2000,M11,17202
CES3000000001,2000,M10,17217
CES3000000001,2000,M09,17229
CES3000000001,2000,M08,17287
CES3000000001,2000,M07,17322
CES3000000001,2000,M06,17295
CES3000000001,2000,M05,17278
CES3000000001,2000,M04,17299
CES3000000001,2000,M03,17302
CES3000000001,2000,M02,17284
CES3000000001,2000,M01,17284
CES4200000001,2019,M12,15550.1
CES4200000001,2019,M11,15509.6
CES4200000001,2019,M10,15527.2
CES4200000001,2019,M09,15526.5
CES4200000001,2019,M08,15516.7
CES4200000001,2019,M07,15533.3
CES4200000001,2019,M06,15533.2
CES4200000001,2019,M05,15554.2
CES4200000001,2019,M04,15571.6
CES4200000001,2019,M03,15574.1
CES4200000001,2019,M02,15586.7
CES4200000001,2019,M01,15617.4
CES4200000001,2018,M12,15635.3
CES4200000001,2018,M11,15685.5
CES4200000001,2018,M10,15641.5
CES4200000001,2018,M09,15684.5
CES4200000001,2018,M08,15725.1
CES4200000001,2018,M07,15723.2
CES4200000001,2018,M06,15739.8
CES4200000001,2018,M05,15786.1
CES4200000001,2018,M04,15770.6
CES4200000001,2018,M03,15771.1
CES4200000001,2018,M02,15753.0
CES4200000001,2018,M01,15705.1
CES4200000001,2017,M12,15740.7
CES4200000001,2017,M11,15781.5
CES4200000001,2017,M10,15748.5
CES4200000001,2017,M09,15755.6
CES4200000001,2017,M08,15762.8
CES4200000001,2017,M07,15769.3
CES4200000001,2017,M06,15778.0
CES4200000001,2017,M05,15785.7
CES4200000001,2017,M04,15804.0
CES4200000001,2017,M03,15822.1
CES4200000001,2017,M02,15851.4
CES4200000001,2017,M01,15872.6
CES4200000001,2016,M12,15818.6
CES4200000001,2016,M11,15785.8
CES4200000001,2016,M10,15830.8
CES4200000001,2016,M09,15829.4
CES4200000001,2016,M08,15822.3
CES4200000001,2016,M07,15805.2
CES4200000001,2016,M06,15790.0
CES4200000001,2016,M05,15772.9
CES4200000001,2016,M04,15767.2
CES4200000001,2016,M03,15769.3
CES4200000001,2016,M02,15715.1
CES4200000001,2016,M01,15664.8
CES4200000001,2015,M12,15630.8
CES4200000001,2015,M11,15625.5
CES4200000001,2015,M10,15619.3
CES4200000001,2015,M09,15579.8
CES4200000001,2015,M08,15589.2
CES4200000001,2015,M07,15582.8
CES4200000001,2015,M06,15567.8
CES4200000001,2015,M05,15557.3
CES4200000001,2015,M04,15522.1
CES4200000001,2015,M03,15509.6
CES4200000001,2015,M02,15478.7
CES4200000001,2015,M01,15462.0
CES4200000001,2014,M12,15444.4
CES4200000001,2014,M11,15430.1
CES4200000001,2014,M10,15404.8
CES4200000001,2014,M09,15367.6
CES4200000001,2014,M08,15338.0
CES4200000001,2014,M07,15329.1
CES4200000001,2014,M06,15306.0
CES4200000001,2014,M05,15265.1
CES4200000001,2014,M04,15255.9
CES4200000001,2014,M03,15217.9
CES4200000001,2014,M02,15189.6
CES4200000001,2014,M01,15214.9
CES4200000001,2013,M12,15231.0
CES4200000001,2013,M11,15175.8
CES4200000001,2013,M10,15146.2
CES4200000001,2013,M09,15119.1
CES4200000001,2013,M08,15091.6
CES4200000001,2013,M07,15046.1
CES4200000001,2013,M06,15001.3
CES4200000001,2013,M05,14953.8
CES4200000001,2013,M04,14922.3
CES4200000001,2013,M03,14912.3
CES4200000001,2013,M02,14912.7
CES4200000001,2013,M01,14887.8
CES4200000001,2012,M12,14865.1
CES4200000001,2012,M11,14895.5
CES4200000001,2012,M10,14817.1
CES4200000001,2012,M09,14801.0
CES4200000001,2012,M08,14773.7
CES4200000001,2012,M07,14762.5
CES4200000001,2012,M06,14772.6
CES4200000001,2012,M05,14791.9
CES4200000001,2012,M04,14784.0
CES4200000001,2012,M03,14776.3
CES4200000001,2012,M02,14760.1
CES4200000001,2012,M01,14766.5
CES4200000001,2011,M12,14707.2
CES4200000001,2011,M11,14715.2
CES4200000001,2011,M10,14698.8
CES4200000001,2011,M09,14686.2
CES4200000001,2011,M08,14677.7
CES4200000001,2011,M07,14676.0
CES4200000001,2011,M06,14637.7
CES4200000001,2011,M05,14604.3
CES4200000001,2011,M04,14602.8
CES4200000001,2011,M03,14537.9
CES4200000001,2011,M02,14518.2
CES4200000001,2011,M01,14491.0
CES4200000001,2010,M12,14444.5
CES4200000001,2010,M11,14446.3
CES4200000001,2010,M10,14462.1
CES4200000001,2010,M09,14420.3
CES4200000001,2010,M08,14414.1
CES4200000001,2010,M07,14402.2
CES4200000001,2010,M06,14399.4
CES4200000001,2010,M05,14396.5
CES4200000001,2010,M04,14388.3
CES4200000001,2010,M03,14392.2
CES4200000001,2010,M02,14357.8
CES4200000001,2010,M01,14358.8
CES4200000001,2009,M12,14309.1
CES4200000001,2009,M11,14340.4
CES4200000001,2009,M10,14358.2
CES4200000001,2009,M09,14406.6
CES4200000001,2009,M08,14438.7
CES4200000001,2009,M07,14446.8
CES4200000001,2009,M06,14501.7
CES4200000001,2009,M05,14514.9
CES4200000001,2009,M04,14530.6
CES4200000001,2009,M03,14594.3
CES4200000001,2009,M02,14680.6
CES4200000001,2009,M01,14763.8
CES4200000001,2008,M12,14847.5
CES4200000001,2008,M11,14953.1
CES4200000001,2008,M10,15081.9
CES4200000001,2008,M09,15143.5
CES4200000001,2008,M08,15209.3
CES4200000001,2008,M07,15270.2
CES4200000001,2008,M06,15310.0
CES4200000001,2008,M05,15334.0
CES4200000001,2008,M04,15396.7
CES4200000001,2008,M03,15479.9
CES4200000001,2008,M02,15490.6
CES4200000001,2008,M01,15525.5
CES4200000001,2007,M12,15544.7
CES4200000001,2007,M11,15549.8
CES4200000001,2007,M10,15485.8
CES4200000001,2007,M09,15492.7
CES4200000001,2007,M08,15484.0
CES4200000001,2007,M07,15483.2
CES4200000001,2007,M06,15478.7
CES4200000001,2007,M05,15494.4
CES4200000001,2007,M04,15477.4
CES4200000001,2007,M03,15498.8
CES4200000001,2007,M02,15440.3
CES4200000001,2007,M01,15411.5
CES4200000001,2006,M12,15375.3
CES4200000001,2006,M11,15374.0
CES4200000001,2006,M10,15338.6
CES4200000001,2006,M09,15304.8
CES4200000001,2006,M08,15301.6
CES4200000001,2006,M07,15298.9
CES4200000001,2006,M06,15297.4
CES4200000001,2006,M05,15285.6
CES4200000001,2006,M04,15317.0
CES4200000001,2006,M03,15351.8
CES4200000001,2006,M02,15325.6
CES4200000001,2006,M01,15318.9
CES4200000001,2005,M12,15331.2
CES4200000001,2005,M11,15325.6
CES4200000001,2005,M10,15294.6
CES4200000001,2005,M09,15297.6
CES4200000001,2005,M08,15323.9
CES4200000001,2005,M07,15307.7
CES4200000001,2005,M06,15266.2
CES4200000001,2005,M05,15232.1
CES4200000001,2005,M04,15215.2
CES4200000001,2005,M03,15165.9
CES4200000001,2005,M02,15164.4
CES4200000001,2005,M01,15124.4
CES4200000001,2004,M12,15104.1
CES4200000001,2004,M11,15111.8
CES4200000001,2004,M10,15090.7
CES4200000001,2004,M09,15062.7
CES4200000001,2004,M08,15038.1
CES4200000001,2004,M07,15037.3
CES4200000001,2004,M06,15053.4
CES4200000001,2004,M05,15029.6
CES4200000001,2004,M04,15014.6
CES4200000001,2004,M03,14994.6
CES4200000001,2004,M02,14946.4
CES4200000001,2004,M01,14948.1
CES4200000001,2003,M12,14901.3
CES4200000001,2003,M11,14907.5
CES4200000001,2003,M10,14928.2
CES4200000001,2003,M09,14912.4
CES4200000001,2003,M08,14881.5
CES4200000001,2003,M07,14854.4
CES4200000001,2003,M06,14866.3
CES4200000001,2003,M05,14881.1
CES4200000001,2003,M04,14889.6
CES4200000001,2003,M03,14879.2
CES4200000001,2003,M02,14904.0
CES4200000001,2003,M01,14939.1
CES4200000001,2002,M12,14957.2
CES4200000001,2002,M11,14945.3
CES4200000001,2002,M10,14958.1
CES4200000001,2002,M09,14952.7
CES4200000001,2002,M08,14971.2
CES4200000001,2002,M07,15016.5
CES4200000001,2002,M06,15018.6
CES4200000001,2002,M05,15029.6
CES4200000001,2002,M04,15049.2
CES4200000001,2002,M03,15051.6
CES4200000001,2002,M02,15043.5
CES4200000001,2002,M01,15039.8
CES4200000001,2001,M12,15077.2
CES4200000001,2001,M11,15126.5
CES4200000001,2001,M10,15148.9
CES4200000001,2001,M09,15175.7
CES4200000001,2001,M08,15185.3
CES4200000001,2001,M07,15180.5
CES4200000001,2001,M06,15241.8
CES4200000001,2001,M05,15237.6
CES4200000001,2001,M04,15233.9
CES4200000001,2001,M03,15329.6
CES4200000001,2001,M02,15354.0
CES4200000001,2001,M01,15336.1
CES4200000001,2000,M12,15362.5
CES4200000001,2000,M11,15315.8
CES4200000001,2000,M10,15308.3
CES4200000001,2000,M09,15303.4
CES4200000001,2000,M08,15279.7
CES4200000001,2000,M07,15257.2
CES4200000001,2000,M06,15243.2
CES4200000001,2000,M05,15233.0
CES4200000001,2000,M04,15281.9
CES4200000001,2000,M03,15208.0
CES4200000001,2000,M02,15174.1
CES4200000001,2000,M01,15165.2
CES4300000001,2019,M12,5760.3
CES4300000001,2019,M11,5735.9
CES4300000001,2019,M10,5717.5
CES4300000001,2019,M09,5710.2
CES4300000001,2019,M08,5695.8
CES4300000001,2019,M07,5687.8
CES4300000001,2019,M06,5675.2
CES4300000001,2019,M05,5639.1
CES4300000001,2019,M04,5617.2
CES4300000001,2019,M03,5584.7
CES4300000001,2019,M02,5571.9
CES4300000001,2019,M01,5587.6
CES4300000001,2018,M12,5521.6
CES4300000001,2018,M11,5536.1
CES4300000001,2018,M10,5516.9
CES4300000001,2018,M09,5488.6
CES4300000001,2018,M08,5468.1
CES4300000001,2018,M07,5433.4
CES4300000001,2018,M06,5425.5
CES4300000001,2018,M05,5404.2
CES4300000001,2018,M04,5373.2
CES4300000001,2018,M03,5353.1
CES4300000001,2018,M02,5314.3
CES4300000001,2018,M01,5290.3
CES4300000001,2017,M12,5281.9
CES4300000001,2017,M11,5257.7
CES4300000001,2017,M10,5247.3
CES4300000001,2017,M09,5229.8
CES4300000001,2017,M08,5198.8
CES4300000001,2017,M07,5186.3
CES4300000001,2017,M06,5176.8
CES4300000001,2017,M05,5161.6
CES4300000001,2017,M04,5131.5
CES4300000001,2017,M03,5112.9
CES4300000001,2017,M02,5098.9
CES4300000001,2017,M01,5081.9
CES4300000001,2016,M12,5096.9
CES4300000001,2016,M11,5064.8
CES4300000001,2016,M10,5047.4
CES4300000001,2016,M09,5030.8
CES4300000001,2016,M08,5035.8
CES4300000001,2016,M07,5009.2
CES4300000001,2016,M06,4984.1
CES4300000001,2016,M05,4979.9
CES4300000001,2016,M04,4964.8
CES4300000001,2016,M03,4948.9
CES4300000001,2016,M02,4930.3
CES4300000001,2016,M01,4914.5
CES4300000001,2015,M12,4946.0
CES4300000001,2015,M11,4914.7
CES4300000001,2015,M10,4898.8
CES4300000001,2015,M09,4898.4
CES4300000001,2015,M08,4889.4
CES4300000001,2015,M07,4878.6
CES4300000001,2015,M06,4855.2
CES4300000001,2015,M05,4828.1
CES4300000001,2015,M04,4805.9
CES4300000001,2015,M03,4799.0
CES4300000001,2015,M02,4786.0
CES4300000001,2015,M01,4769.8
CES4300000001,2014,M12,4760.5
CES4300000001,2014,M11,4732.6
CES4300000001,2014,M10,4710.0
CES4300000001,2014,M09,4690.1
CES4300000001,2014,M08,4676.2
CES4300000001,2014,M07,4661.5
CES4300000001,2014,M06,4634.0
CES4300000001,2014,M05,4614.8
CES4300000001,2014,M04,4586.5
CES4300000001,2014,M03,4572.6
CES4300000001,2014,M02,4556.8
CES4300000001,2014,M01,4561.9
CES4300000001,2013,M12,4541.2
CES4300000001,2013,M11,4529.8
CES4300000001,2013,M10,4512.2
CES4300000001,2013,M09,4506.2
CES4300000001,2013,M08,4479.8
CES4300000001,2013,M07,4463.9
CES4300000001,2013,M06,4471.8
CES4300000001,2013,M05,4467.5
CES4300000001,2013,M04,4471.4
CES4300000001,2013,M03,4456.9
CES4300000001,2013,M02,4463.3
CES4300000001,2013,M01,4465.0
CES4300000001,2012,M12,4463.7
CES4300000001,2012,M11,4428.1
CES4300000001,2012,M10,4436.6
CES4300000001,2012,M09,4426.1
CES4300000001,2012,M08,4422.2
CES4300000001,2012,M07,4409.9
CES4300000001,2012,M06,4397.7
CES4300000001,2012,M05,4397.5
CES4300000001,2012,M04,4364.9
CES4300000001,2012,M03,4377.0
CES4300000001,2012,M02,4372.2
CES4300000001,2012,M01,4346.3
CES4300000001,2011,M12,4328.3
CES4300000001,2011,M11,4328.2
CES4300000001,2011,M10,4324.1
CES4300000001,2011,M09,4315.9
CES4300000001,2011,M08,4310.6
CES4300000001,2011,M07,4303.8
CES4300000001,2011,M06,4301.5
CES4300000001,2011,M05,4285.6
CES4300000001,2011,M04,4277.4
CES4300000001,2011,M03,4258.7
CES4300000001,2011,M02,4248.2
CES4300000001,2011,M01,4217.3
CES4300000001,2010,M12,4250.1
CES4300000001,2010,M11,4225.3
CES4300000001,2010,M10,4216.4
CES4300000001,2010,M09,4206.3
CES4300000001,2010,M08,4188.9
CES4300000001,2010,M07,4192.6
CES4300000001,2010,M06,4175.2
CES4300000001,2010,M05,4158.3
CES4300000001,2010,M04,4147.1
CES4300000001,2010,M03,4140.8
CES4300000001,2010,M02,4129.4
CES4300000001,2010,M01,4129.0
CES4300000001,2009,M12,4108.4
CES4300000001,2009,M11,4158.3
CES4300000001,2009,M10,4163.8
CES4300000001,2009,M09,4179.5
CES4300000001,2009,M08,4187.8
CES4300000001,2009,M07,4198.2
CES4300000001,2009,M06,4219.8
CES4300000001,2009,M05,4237.4
CES4300000001,2009,M04,4255.3
CES4300000001,2009,M03,4301.0
CES4300000001,2009,M02,4334.5
CES4300000001,2009,M01,4358.5
CES4300000001,2008,M12,4382.2
CES4300000001,2008,M11,4409.1
CES4300000001,2008,M10,4450.0
CES4300000001,2008,M09,4464.8
CES4300000001,2008,M08,4500.4
CES4300000001,2008,M07,4517.4
CES4300000001,2008,M06,4522.6
CES4300000001,2008,M05,4535.2
CES4300000001,2008,M04,4546.8
CES4300000001,2008,M03,4542.4
CES4300000001,2008,M02,4541.6
CES4300000001,2008,M01,4537.8
CES4300000001,2007,M12,4536.0
CES4300000001,2007,M11,4538.6
CES4300000001,2007,M10,4541.4
CES4300000001,2007,M09,4546.0
CES4300000001,2007,M08,4524.0
CES4300000001,2007,M07,4527.9
CES4300000001,2007,M06,4524.9
CES4300000001,2007,M05,4526.4
CES4300000001,2007,M04,4525.0
CES4300000001,2007,M03,4522.5
CES4300000001,2007,M02,4519.1
CES4300000001,2007,M01,4518.0
CES4300000001,2006,M12,4516.5
CES4300000001,2006,M11,4496.1
CES4300000001,2006,M10,4484.0
CES4300000001,2006,M09,4474.5
CES4300000001,2006,M08,4465.3
CES4300000001,2006,M07,4465.7
CES4300000001,2006,M06,4451.3
CES4300000001,2006,M05,4445.8
CES4300000001,2006,M04,4433.3
CES4300000001,2006,M03,4417.8
CES4300000001,2006,M02,4418.1
CES4300000001,2006,M01,4407.9
CES4300000001,2005,M12,4391.3
CES4300000001,2005,M11,4386.5
CES4300000001,2005,M10,4373.3
CES4300000001,2005,M09,4366.5
CES4300000001,2005,M08,4363.4
CES4300000001,2005,M07,4358.4
CES4300000001,2005,M06,4345.9
CES4300000001,2005,M05,4345.2
CES4300000001,2005,M04,4335.5
CES4300000001,2005,M03,4320.3
CES4300000001,2005,M02,4310.5
CES4300000001,2005,M01,4297.2
CES4300000001,2004,M12,4288.1
CES4300000001,2004,M11,4270.3
CES4300000001,2004,M10,4271.9
CES4300000001,2004,M09,4262.6
CES4300000001,2004,M08,4250.3
CES4300000001,2004,M07,4244.0
CES4300000001,2004,M06,4234.3
CES4300000001,2004,M05,4219.7
CES4300000001,2004,M04,4206.8
CES4300000001,2004,M03,4213.0
CES4300000001,2004,M02,4196.3
CES4300000001,2004,M01,4191.7
CES4300000001,2003,M12,4161.6
CES4300000001,2003,M11,4174.8
CES4300000001,2003,M10,4171.3
CES4300000001,2003,M09,4162.1
CES4300000001,2003,M08,4151.7
CES4300000001,2003,M07,4150.3
CES4300000001,2003,M06,4158.4
CES4300000001,2003,M05,4166.4
CES4300000001,2003,M04,4170.4
CES4300000001,2003,M03,4188.3
CES4300000001,2003,M02,4201.8
CES4300000001,2003,M01,4197.0
CES4300000001,2002,M12,4211.8
CES4300000001,2002,M11,4212.5
CES4300000001,2002,M10,4213.2
CES4300000001,2002,M09,4202.6
CES4300000001,2002,M08,4232.1
CES4300000001,2002,M07,4228.2
CES4300000001,2002,M06,4214.8
CES4300000001,2002,M05,4206.8
CES4300000001,2002,M04,4202.0
CES4300000001,2002,M03,4201.8
CES4300000001,2002,M02,4211.6
CES4300000001,2002,M01,4205.5
CES4300000001,2001,M12,4227.2
CES4300000001,2001,M11,4241.8
CES4300000001,2001,M10,4288.6
CES4300000001,2001,M09,4322.3
CES4300000001,2001,M08,4381.8
CES4300000001,2001,M07,4390.3
CES4300000001,2001,M06,4387.1
CES4300000001,2001,M05,4408.1
CES4300000001,2001,M04,4412.1
CES4300000001,2001,M03,4431.1
CES4300000001,2001,M02,4425.1
CES4300000001,2001,M01,4428.6
CES4300000001,2000,M12,4462.9
CES4300000001,2000,M11,4435.3
CES4300000001,2000,M10,4420.1
CES4300000001,2000,M09,4408.6
CES4300000001,2000,M08,4420.0
CES4300000001,2000,M07,4402.5
CES4300000001,2000,M06,4391.8
CES4300000001,2000,M05,4381.3
CES4300000001,2000,M04,4386.5
CES4300000001,2000,M03,4381.3
CES4300000001,2000,M02,4372.8
CES4300000001,2000,M01,4363.7
CES2000000001,2019,M12,7527
CES2000000001,2019,M11,7541
CES2000000001,2019,M10,7553
CES2000000001,2019,M09,7547
CES2000000001,2019,M08,7530
CES2000000001,2019,M07,7526
CES2000000001,2019,M06,7502
CES2000000001,2019,M05,7478
CES2000000001,2019,M04,7468
CES2000000001,2019,M03,7425
CES2000000001,2019,M02,7395
CES2000000001,2019,M01,7425
CES2000000001,2018,M12,7396
CES2000000001,2018,M11,7386
CES2000000001,2018,M10,7389
CES2000000001,2018,M09,7375
CES2000000001,2018,M08,7347
CES2000000001,2018,M07,7318
CES2000000001,2018,M06,7292
CES2000000001,2018,M05,7274
CES2000000001,2018,M04,7212
CES2000000001,2018,M03,7194
CES2000000001,2018,M02,7184
CES2000000001,2018,M01,7093
CES2000000001,2017,M12,7091
CES2000000001,2017,M11,7068
CES2000000001,2017,M10,7031
CES2000000001,2017,M09,7013
CES2000000001,2017,M08,7002
CES2000000001,2017,M07,6968
CES2000000001,2017,M06,6962
CES2000000001,2017,M05,6931
CES2000000001,2017,M04,6916
CES2000000001,2017,M03,6902
CES2000000001,2017,M02,6881
CES2000000001,2017,M01,6840
CES2000000001,2016,M12,6818
CES2000000001,2016,M11,6823
CES2000000001,2016,M10,6799
CES2000000001,2016,M09,6768
CES2000000001,2016,M08,6736
CES2000000001,2016,M07,6735
CES2000000001,2016,M06,6701
CES2000000001,2016,M05,6689
CES2000000001,2016,M04,6702
CES2000000001,2016,M03,6678
CES2000000001,2016,M02,6640
CES2000000001,2016,M01,6631
CES2000000001,2015,M12,6630
CES2000000001,2015,M11,6598
CES2000000001,2015,M10,6547
CES2000000001,2015,M09,6508
CES2000000001,2015,M08,6490
CES2000000001,2015,M07,6472
CES2000000001,2015,M06,6441
CES2000000001,2015,M05,6427
CES2000000001,2015,M04,6392
CES2000000001,2015,M03,6334
CES2000000001,2015,M02,6361
CES2000000001,2015,M01,6320
CES2000000001,2014,M12,6293
CES2000000001,2014,M11,6272
CES2000000001,2014,M10,6259
CES2000000001,2014,M09,6242
CES2000000001,2014,M08,6210
CES2000000001,2014,M07,6178
CES2000000001,2014,M06,6133
CES2000000001,2014,M05,6109
CES2000000001,2014,M04,6084
CES2000000001,2014,M03,6038
CES2000000001,2014,M02,6007
CES2000000001,2014,M01,5985
CES2000000001,2013,M12,5932
CES2000000001,2013,M11,5963
CES2000000001,2013,M10,5931
CES2000000001,2013,M09,5910
CES2000000001,2013,M08,5878
CES2000000001,2013,M07,5859
CES2000000001,2013,M06,5855
CES2000000001,2013,M05,5829
CES2000000001,2013,M04,5796
CES2000000001,2013,M03,5802
CES2000000001,2013,M02,5784
CES2000000001,2013,M01,5746
CES2000000001,2012,M12,5724
CES2000000001,2012,M11,5684
CES2000000001,2012,M10,5674
CES2000000001,2012,M09,5661
CES2000000001,2012,M08,5648
CES2000000001,2012,M07,5632
CES2000000001,2012,M06,5621
CES2000000001,2012,M05,5604
CES2000000001,2012,M04,5618
CES2000000001,2012,M03,5625
CES2000000001,2012,M02,5629
CES2000000001,2012,M01,5626
CES2000000001,2011,M12,5611
CES2000000001,2011,M11,5593
CES2000000001,2011,M10,5588
CES2000000001,2011,M09,5584
CES2000000001,2011,M08,5552
CES2000000001,2011,M07,5547
CES2000000001,2011,M06,5528
CES2000000001,2011,M05,5516
CES2000000001,2011,M04,5485
CES2000000001,2011,M03,5477
CES2000000001,2011,M02,5451
CES2000000001,2011,M01,5427
CES2000000001,2010,M12,5467
CES2000000001,2010,M11,5506
CES2000000001,2010,M10,5508
CES2000000001,2010,M09,5501
CES2000000001,2010,M08,5524
CES2000000001,2010,M07,5508
CES2000000001,2010,M06,5516
CES2000000001,2010,M05,5520
CES2000000001,2010,M04,5553
CES2000000001,2010,M03,5537
CES2000000001,2010,M02,5500
CES2000000001,2010,M01,5580
CES2000000001,2009,M12,5654
CES2000000001,2009,M11,5696
CES2000000001,2009,M10,5716
CES2000000001,2009,M09,5787
CES2000000001,2009,M08,5855
CES2000000001,2009,M07,5932
CES2000000001,2009,M06,6010
CES2000000001,2009,M05,6100
CES2000000001,2009,M04,6154
CES2000000001,2009,M03,6291
CES2000000001,2009,M02,6446
CES2000000001,2009,M01,6567
CES2000000001,2008,M12,6701
CES2000000001,2008,M11,6813
CES2000000001,2008,M10,6967
CES2000000001,2008,M09,7044
CES2000000001,2008,M08,7114
CES2000000001,2008,M07,7160
CES2000000001,2008,M06,7213
CES2000000001,2008,M05,7274
CES2000000001,2008,M04,7327
CES2000000001,2008,M03,7406
CES2000000001,2008,M02,7453
CES2000000001,2008,M01,7476
CES2000000001,2007,M12,7490
CES2000000001,2007,M11,7523
CES2000000001,2007,M10,7565
CES2000000001,2007,M09,7577
CES2000000001,2007,M08,7610
CES2000000001,2007,M07,7660
CES2000000001,2007,M06,7687
CES2000000001,2007,M05,7673
CES2000000001,2007,M04,7686
CES2000000001,2007,M03,7706
CES2000000001,2007,M02,7626
CES2000000001,2007,M01,7725
CES2000000001,2006,M12,7685
CES2000000001,2006,M11,7666
CES2000000001,2006,M10,7682
CES2000000001,2006,M09,7718
CES2000000001,2006,M08,7720
CES2000000001,2006,M07,7712
CES2000000001,2006,M06,7699
CES2000000001,2006,M05,7713
CES2000000001,2006,M04,7726
CES2000000001,2006,M03,7689
CES2000000001,2006,M02,7664
CES2000000001,2006,M01,7601
CES2000000001,2005,M12,7533
CES2000000001,2005,M11,7524
CES2000000001,2005,M10,7460
CES2000000001,2005,M09,7415
CES2000000001,2005,M08,7394
CES2000000001,2005,M07,7353
CES2000000001,2005,M06,7333
CES2000000001,2005,M05,7294
CES2000000001,2005,M04,7266
CES2000000001,2005,M03,7181
CES2000000001,2005,M02,7153
CES2000000001,2005,M01,7095
CES2000000001,2004,M12,7117
CES2000000001,2004,M11,7091
CES2000000001,2004,M10,7077
CES2000000001,2004,M09,7029
CES2000000001,2004,M08,7003
CES2000000001,2004,M07,6977
CES2000000001,2004,M06,6962
CES2000000001,2004,M05,6948
CES2000000001,2004,M04,6901
CES2000000001,2004,M03,6887
CES2000000001,2004,M02,6838
CES2000000001,2004,M01,6848
CES2000000001,2003,M12,6827
CES2000000001,2003,M11,6796
CES2000000001,2003,M10,6784
CES2000000001,2003,M09,6783
CES2000000001,2003,M08,6760
CES2000000001,2003,M07,6735
CES2000000001,2003,M06,6723
CES2000000001,2003,M05,6706
CES2000000001,2003,M04,6689
CES2000000001,2003,M03,6654
CES2000000001,2003,M02,6667
CES2000000001,2003,M01,6704
CES2000000001,2002,M12,6700
CES2000000001,2002,M11,6713
CES2000000001,2002,M10,6689
CES2000000001,2002,M09,6702
CES2000000001,2002,M08,6701
CES2000000001,2002,M07,6688
CES2000000001,2002,M06,6701
CES2000000001,2002,M05,6684
CES2000000001,2002,M04,6710
CES2000000001,2002,M03,6755
CES2000000001,2002,M02,6766
CES2000000001,2002,M01,6775
CES2000000001,2001,M12,6785
CES2000000001,2001,M11,6784
CES2000000001,2001,M10,6804
CES2000000001,2001,M09,6813
CES2000000001,2001,M08,6827
CES2000000001,2001,M07,6845
CES2000000001,2001,M06,6840
CES2000000001,2001,M05,6849
CES2000000001,2001,M04,6844
CES2000000001,2001,M03,6862
CES2000000001,2001,M02,6841
CES2000000001,2001,M01,6824
CES2000000001,2000,M12,6792
CES2000000001,2000,M11,6817
CES2000000001,2000,M10,6814
CES2000000001,2000,M09,6807
CES2000000001,2000,M08,6796
CES2000000001,2000,M07,6794
CES2000000001,2000,M06,6778
CES2000000001,2000,M05,6770
CES2000000001,2000,M04,6794
CES2000000001,2000,M03,6811
CES2000000001,2000,M02,6730
CES2000000001,2000,M01,6752
CES0000000001,2019,M12,151794
CES0000000001,2019,M11,151667
CES0000000001,2019,M10,151460
CES0000000001,2019,M09,151365
CES0000000001,2019,M08,151169
CES0000000001,2019,M07,150937
CES0000000001,2019,M06,150838
CES0000000001,2019,M05,150618
CES0000000001,2019,M04,150591
CES0000000001,2019,M03,150295
CES0000000001,2019,M02,150067
CES0000000001,2019,M01,150060
CES0000000001,2018,M12,149809
CES0000000001,2018,M11,149617
CES0000000001,2018,M10,149527
CES0000000001,2018,M09,149358
CES0000000001,2018,M08,149277
CES0000000001,2018,M07,149020
CES0000000001,2018,M06,148960
CES0000000001,2018,M05,148742
CES0000000001,2018,M04,148420
CES0000000001,2018,M03,148280
CES0000000001,2018,M02,148054
CES0000000001,2018,M01,147660
CES0000000001,2017,M12,147523
CES0000000001,2017,M11,147372
CES0000000001,2017,M10,147149
CES0000000001,2017,M09,147008
CES0000000001,2017,M08,146919
CES0000000001,2017,M07,146772
CES0000000001,2017,M06,146583
CES0000000001,2017,M05,146380
CES0000000001,2017,M04,146175
CES0000000001,2017,M03,145970
CES0000000001,2017,M02,145846
CES0000000001,2017,M01,145628
CES0000000001,2016,M12,145408
CES0000000001,2016,M11,145183
CES0000000001,2016,M10,145065
CES0000000001,2016,M09,144967
CES0000000001,2016,M08,144661
CES0000000001,2016,M07,144520
CES0000000001,2016,M06,144147
CES0000000001,2016,M05,143900
CES0000000001,2016,M04,143854
CES0000000001,2016,M03,143662
CES0000000001,2016,M02,143406
CES0000000001,2016,M01,143210
CES0000000001,2015,M12,143077
CES0000000001,2015,M11,142808
CES0000000001,2015,M10,142579
CES0000000001,2015,M09,142275
CES0000000001,2015,M08,142125
CES0000000001,2015,M07,141991
CES0000000001,2015,M06,141709
CES0000000001,2015,M05,141538
CES0000000001,2015,M04,141196
CES0000000001,2015,M03,140923
CES0000000001,2015,M02,140827
CES0000000001,2015,M01,140568
CES0000000001,2014,M12,140364
CES0000000001,2014,M11,140089
CES0000000001,2014,M10,139798
CES0000000001,2014,M09,139563
CES0000000001,2014,M08,139269
CES0000000001,2014,M07,139072
CES0000000001,2014,M06,138849
CES0000000001,2014,M05,138513
CES0000000001,2014,M04,138298
CES0000000001,2014,M03,137985
CES0000000001,2014,M02,137712
CES0000000001,2014,M01,137561
CES0000000001,2013,M12,137372
CES0000000001,2013,M11,137317
CES0000000001,2013,M10,137041
CES0000000001,2013,M09,136821
CES0000000001,2013,M08,136646
CES0000000001,2013,M07,136391
CES0000000001,2013,M06,136279
CES0000000001,2013,M05,136096
CES0000000001,2013,M04,135873
CES0000000001,2013,M03,135689
CES0000000001,2013,M02,135546
CES0000000001,2013,M01,135257
CES0000000001,2012,M12,135074
CES0000000001,2012,M11,134825
CES0000000001,2012,M10,134669
CES0000000001,2012,M09,134517
CES0000000001,2012,M08,134339
CES0000000001,2012,M07,134157
CES0000000001,2012,M06,134013
CES0000000001,2012,M05,133932
CES0000000001,2012,M04,133825
CES0000000001,2012,M03,133748
CES0000000001,2012,M02,133509
CES0000000001,2012,M01,133246
CES0000000001,2011,M12,132888
CES0000000001,2011,M11,132690
CES0000000001,2011,M10,132553
CES0000000001,2011,M09,132344
CES0000000001,2011,M08,132125
CES0000000001,2011,M07,131992
CES0000000001,2011,M06,131931
CES0000000001,2011,M05,131703
CES0000000001,2011,M04,131597
CES0000000001,2011,M03,131283
CES0000000001,2011,M02,131057
CES0000000001,2011,M01,130837
CES0000000001,2010,M12,130830
CES0000000001,2010,M11,130749
CES0000000001,2010,M10,130620
CES0000000001,2010,M09,130341
CES0000000001,2010,M08,130415
CES0000000001,2010,M07,130415
CES0000000001,2010,M06,130510
CES0000000001,2010,M05,130642
CES0000000001,2010,M04,130120
CES0000000001,2010,M03,129866
CES0000000001,2010,M02,129706
CES0000000001,2010,M01,129802
CES0000000001,2009,M12,129808
CES0000000001,2009,M11,130057
CES0000000001,2009,M10,130061
CES0000000001,2009,M09,130246
CES0000000001,2009,M08,130472
CES0000000001,2009,M07,130662
CES0000000001,2009,M06,131008
CES0000000001,2009,M05,131466
CES0000000001,2009,M04,131822
CES0000000001,2009,M03,132494
CES0000000001,2009,M02,133318
CES0000000001,2009,M01,134079
CES0000000001,2008,M12,134847
CES0000000001,2008,M11,135541
CES0000000001,2008,M10,136291
CES0000000001,2008,M09,136760
CES0000000001,2008,M08,137211
CES0000000001,2008,M07,137497
CES0000000001,2008,M06,137700
CES0000000001,2008,M05,137851
CES0000000001,2008,M04,138040
CES0000000001,2008,M03,138259
CES0000000001,2008,M02,138329
CES0000000001,2008,M01,138391
CES0000000001,2007,M12,138395
CES0000000001,2007,M11,138290
CES0000000001,2007,M10,138175
CES0000000001,2007,M09,138099
CES0000000001,2007,M08,138013
CES0000000001,2007,M07,138044
CES0000000001,2007,M06,138070
CES0000000001,2007,M05,137992
CES0000000001,2007,M04,137847
CES0000000001,2007,M03,137784
CES0000000001,2007,M02,137560
CES0000000001,2007,M01,137472
CES0000000001,2006,M12,137249
CES0000000001,2006,M11,137060
CES0000000001,2006,M10,136843
CES0000000001,2006,M09,136826
CES0000000001,2006,M08,136692
CES0000000001,2006,M07,136529
CES0000000001,2006,M06,136337
CES0000000001,2006,M05,136249
CES0000000001,2006,M04,136210
CES0000000001,2006,M03,136038
CES0000000001,2006,M02,135733
CES0000000001,2006,M01,135427
CES0000000001,2005,M12,135159
CES0000000001,2005,M11,134997
CES0000000001,2005,M10,134641
CES0000000001,2005,M09,134552
CES0000000001,2005,M08,134502
CES0000000001,2005,M07,134300
CES0000000001,2005,M06,133948
CES0000000001,2005,M05,133689
CES0000000001,2005,M04,133520
CES0000000001,2005,M03,133154
CES0000000001,2005,M02,133034
CES0000000001,2005,M01,132781
CES0000000001,2004,M12,132630
CES0000000001,2004,M11,132503
CES0000000001,2004,M10,132429
CES0000000001,2004,M09,132089
CES0000000001,2004,M08,131939
CES0000000001,2004,M07,131854
CES0000000001,2004,M06,131794
CES0000000001,2004,M05,131697
CES0000000001,2004,M04,131412
CES0000000001,2004,M03,131140
CES0000000001,2004,M02,130821
CES0000000001,2004,M01,130756
CES0000000001,2003,M12,130589
CES0000000001,2003,M11,130480
CES0000000001,2003,M10,130439
CES0000000001,2003,M09,130252
CES0000000001,2003,M08,130153
CES0000000001,2003,M07,130184
CES0000000001,2003,M06,130186
CES0000000001,2003,M05,130197
CES0000000001,2003,M04,130173
CES0000000001,2003,M03,130235
CES0000000001,2003,M02,130441
CES0000000001,2003,M01,130573
CES0000000001,2002,M12,130465
CES0000000001,2002,M11,130616
CES0000000001,2002,M10,130617
CES0000000001,2002,M09,130502
CES0000000001,2002,M08,130581
CES0000000001,2002,M07,130584
CES0000000001,2002,M06,130674
CES0000000001,2002,M05,130632
CES0000000001,2002,M04,130616
CES0000000001,2002,M03,130722
CES0000000001,2002,M02,130737
CES0000000001,2002,M01,130859
CES0000000001,2001,M12,130983
CES0000000001,2001,M11,131144
CES0000000001,2001,M10,131452
CES0000000001,2001,M09,131763
CES0000000001,2001,M08,132021
CES0000000001,2001,M07,132172
CES0000000001,2001,M06,132300
CES0000000001,2001,M05,132408
CES0000000001,2001,M04,132458
CES0000000001,2001,M03,132751
CES0000000001,2001,M02,132788
CES0000000001,2001,M01,132703
CES0000000001,2000,M12,132716
CES0000000001,2000,M11,132556
CES0000000001,2000,M10,132352
CES0000000001,2000,M09,132337
CES0000000001,2000,M08,132234
CES0000000001,2000,M07,132228
CES0000000001,2000,M06,132063
CES0000000001,2000,M05,132105
CES0000000001,2000,M04,131884
CES0000000001,2000,M03,131604
CES0000000001,2000,M02,131120
CES0000000001,2000,M01,131011
